,episode,step,action,reward
0,1,1,"3,6,6,0,0",0
1,1,2,"6,1,3,3,5",0
2,1,3,"2,3,5,5,8",0
3,1,4,"5,8,4,8,5",0
4,1,5,"1,4,1,3,0",0
5,1,6,"0,6,2,2,1",0
6,1,7,"0,5,1,0,5",0
7,1,8,"1,4,5,5,2",0
8,1,9,"2,4,3,8,0",0
9,1,10,"0,0,2,1,8",0
10,1,11,"8,6,5,5,1",0
11,1,12,"8,4,2,2,4",0
12,1,13,"5,4,5,8,1",0
13,1,14,"6,5,3,0,5",0
14,1,15,"1,4,3,8,6",0
15,1,16,"2,3,2,8,5",0
16,1,17,"3,5,4,5,0",0
17,1,18,"3,6,5,1,6",0
18,1,19,"6,8,5,6,6",0
19,1,20,"2,6,2,4,4",0
20,1,21,"0,5,2,5,8",0
21,1,22,"2,8,1,1,0",0
22,1,23,"2,6,5,5,6",0
23,1,24,"2,5,1,5,8",0
24,1,25,"0,4,0,0,4",0
25,1,26,"0,3,2,3,1",0
26,1,27,"5,3,3,8,5",0
27,1,28,"6,3,1,0,6",0
28,1,29,"5,8,5,8,2",0
29,1,30,"4,1,8,0,8",0
30,1,31,"8,8,8,2,0",0
31,1,32,"2,3,6,5,4",0
32,1,33,"5,3,6,2,5",0
33,1,34,"2,5,5,5,2",0
34,1,35,"5,5,3,4,4",0
35,1,36,"6,3,1,1,4",0
36,1,37,"4,5,5,0,3",0
37,1,38,"4,0,4,0,5",0
38,1,39,"1,4,5,5,4",0
39,1,40,"1,5,5,5,5",0
40,1,41,"4,5,2,3,8",0
41,1,42,"7,4,3,3,1",-1
42,1,43,"1,6,1,0,2",0
43,1,44,"1,3,5,5,8",0
44,1,45,"2,6,3,5,2",0
45,1,46,"3,3,4,6,2",0
46,1,47,"5,5,6,3,8",0
47,1,48,"8,6,5,0,2",0
48,1,49,"3,8,3,0,1",0
49,1,50,"5,5,5,5,3",0
50,1,51,"4,6,8,5,8",0
51,1,52,"1,4,3,0,4",0
52,1,53,"8,8,3,3,5",0
53,1,54,"4,4,4,6,5",0
54,1,55,"5,8,4,3,5",0
55,1,56,"2,6,4,8,6",0
56,1,57,"6,8,8,5,5",0
57,1,58,"8,8,5,0,1",0
58,1,59,"2,6,0,4,6",0
59,1,60,"4,8,5,2,5",0
60,1,61,"2,1,8,0,0",0
61,1,62,"5,3,5,5,4",0
62,1,63,"1,2,2,5,0",0
63,1,64,"5,4,2,5,3",0
64,1,65,"4,5,3,5,4",0
65,1,66,"4,3,2,8,5",0
66,1,67,"4,3,4,5,1",0
67,1,68,"0,0,4,0,5",0
68,1,69,"1,3,8,5,5",0
69,1,70,"8,1,4,8,4",0
70,1,71,"8,0,4,8,5",0
71,1,72,"2,3,2,8,1",0
72,1,73,"1,4,2,6,4",0
73,1,74,"4,6,0,8,1",0
74,1,75,"4,2,5,3,5",0
75,1,76,"3,6,0,0,0",0
76,1,77,"1,8,2,5,2",0
77,1,78,"4,5,4,8,8",0
78,1,79,"8,2,3,3,5",0
79,1,80,"8,5,4,0,5",0
80,1,81,"8,6,5,3,8",0
81,1,82,"3,6,5,3,8",0
82,1,83,"1,3,2,8,8",0
83,1,84,"4,8,3,0,3",0
84,1,85,"8,6,6,3,5",0
85,1,86,"1,8,5,5,4",0
86,1,87,"8,3,2,5,4",0
87,1,88,"2,3,0,1,5",0
88,1,89,"5,5,3,2,1",0
89,1,90,"5,4,5,0,0",0
90,1,91,"6,1,4,1,2",0
91,1,92,"2,5,5,5,1",0
92,1,93,"5,6,5,5,4",0
93,1,94,"2,5,2,0,5",0
94,1,95,"5,6,1,8,5",0
95,1,96,"4,6,6,8,3",0
96,1,97,"1,0,5,1,0",0
97,1,98,"5,6,2,1,0",0
98,1,99,"2,6,3,0,5",0
99,1,100,"3,4,8,8,5",0
100,1,101,"6,1,1,3,0",0
101,1,102,"4,3,5,3,0",0
102,1,103,"1,5,3,5,6",0
103,1,104,"6,4,4,5,1",0
104,1,105,"1,8,2,8,0",0
105,1,106,"0,8,2,3,1",0
106,1,107,"2,2,3,5,5",0
107,1,108,"5,6,4,2,6",0
108,1,109,"5,8,4,3,1",0
109,1,110,"5,5,6,1,5",0
110,1,111,"5,5,4,2,5",0
111,1,112,"3,5,3,5,5",0
112,1,113,"0,4,6,5,8",0
113,1,114,"2,2,0,0,4",0
114,1,115,"6,5,4,8,8",0
115,1,116,"2,5,4,8,6",0
116,1,117,"2,8,5,4,4",0
117,1,118,"1,5,5,8,8",0
118,1,119,"4,5,1,8,3",0
119,1,120,"4,4,5,3,5",0
120,1,121,"6,6,3,6,5",0
121,1,122,"4,5,8,0,4",0
122,1,123,"5,8,2,2,4",0
123,1,124,"1,1,0,3,3",0
124,1,125,"1,3,2,0,5",0
125,1,126,"6,5,2,3,1",0
126,1,127,"2,8,4,5,6",0
127,1,128,"5,8,2,5,5",0
128,1,129,"1,6,3,0,5",0
129,1,130,"3,2,5,8,4",0
130,1,131,"0,6,6,3,5",0
131,1,132,"2,5,6,0,8",0
132,1,133,"4,1,5,8,5",0
133,1,134,"8,0,1,5,4",0
134,1,135,"0,2,4,4,5",0
135,1,136,"2,2,5,8,6",0
136,1,137,"2,8,5,8,4",0
137,1,138,"5,3,2,8,2",0
138,1,139,"2,6,5,4,6",0
139,1,140,"2,5,2,5,2",0
140,1,141,"0,8,0,1,8",0
141,1,142,"2,6,4,8,1",0
142,1,143,"1,3,8,8,1",0
143,1,144,"2,0,8,0,0",0
144,1,145,"8,6,5,3,1",0
145,1,146,"8,1,0,5,5",0
146,1,147,"1,6,1,3,5",0
147,1,148,"3,3,1,8,0",0
148,1,149,"1,1,3,0,4",0
149,1,150,"5,6,2,5,4",0
150,1,151,"1,3,0,3,3",0
151,1,152,"6,5,5,3,4",0
152,1,153,"4,1,5,5,0",0
153,1,154,"1,5,3,5,5",0
154,1,155,"2,6,4,0,8",0
155,1,156,"0,5,5,8,1",0
156,1,157,"5,0,2,8,6",0
157,1,158,"1,8,0,5,2",0
158,1,159,"5,5,6,0,5",0
159,1,160,"8,5,4,0,6",0
160,1,161,"3,1,4,5,8",0
161,1,162,"5,0,5,2,2",0
162,1,163,"3,6,4,0,7",-1
163,1,164,"4,5,1,2,8",0
164,1,165,"4,5,0,5,1",0
165,1,166,"8,4,4,5,4",0
166,1,167,"1,5,3,0,8",0
167,1,168,"0,6,0,8,4",0
168,1,169,"1,5,1,0,5",0
169,1,170,"5,6,4,5,6",0
170,1,171,"2,6,0,0,8",0
171,1,172,"5,6,0,8,0",0
172,1,173,"4,0,2,4,3",0
173,1,174,"4,6,5,8,8",0
174,1,175,"5,6,2,3,5",0
175,1,176,"5,6,2,8,5",0
176,1,177,"1,8,2,5,2",0
177,1,178,"1,2,4,5,2",0
178,1,179,"2,6,0,6,1",0
179,1,180,"5,3,5,1,3",0
180,1,181,"8,6,4,3,3",0
181,1,182,"4,1,4,1,6",0
182,1,183,"5,5,2,2,8",0
183,1,184,"5,6,5,0,0",0
184,1,185,"1,4,5,1,0",0
185,1,186,"2,5,6,3,2",0
186,1,187,"8,5,5,3,5",0
187,1,188,"2,5,5,8,2",0
188,1,189,"6,1,5,3,5",0
189,1,190,"3,2,4,3,6",0
190,1,191,"1,5,5,8,4",0
191,1,192,"5,3,5,0,8",0
192,1,193,"5,3,3,2,2",0
193,1,194,"0,6,2,8,2",0
194,1,195,"3,6,0,3,3",0
195,1,196,"0,6,3,5,3",0
196,1,197,"2,1,2,0,5",0
197,1,198,"1,5,0,6,6",0
198,1,199,"1,8,2,3,8",0
199,1,200,"1,5,4,8,8",0
200,1,201,"8,5,5,8,5",0
201,1,202,"1,4,3,6,0",0
202,1,203,"4,5,8,5,6",0
203,1,204,"0,6,0,5,2",0
204,1,205,"2,3,5,5,5",0
205,1,206,"5,5,5,5,4",0
206,1,207,"1,2,5,5,2",0
207,1,208,"4,5,7,3,1",-1
208,1,209,"1,8,3,0,8",0
209,1,210,"6,8,0,0,2",0
210,1,211,"5,0,3,5,1",0
211,1,212,"5,3,5,2,0",0
212,1,213,"0,3,3,8,4",0
213,1,214,"2,4,1,5,8",0
214,1,215,"1,3,5,2,8",0
215,1,216,"2,0,6,0,5",0
216,1,217,"8,1,6,5,8",0
217,1,218,"5,5,2,3,2",0
218,1,219,"3,6,2,4,3",0
219,1,220,"1,3,2,1,3",0
220,1,221,"3,7,2,5,6",-1
221,1,222,"0,8,5,3,5",0
222,1,223,"8,4,8,5,5",0
223,1,224,"1,4,5,5,4",0
224,1,225,"2,8,4,8,6",0
225,1,226,"5,3,6,0,8",0
226,1,227,"2,6,2,0,6",0
227,1,228,"0,1,4,4,3",0
228,1,229,"3,1,2,0,1",0
229,1,230,"0,3,5,0,0",0
230,1,231,"2,1,3,8,5",0
231,1,232,"0,8,4,3,4",0
232,1,233,"8,3,5,5,2",0
233,1,234,"3,3,5,3,3",0
234,1,235,"8,1,3,2,0",0
235,1,236,"4,8,2,8,5",0
236,1,237,"6,8,3,3,3",1
237,1,238,"2,0,6,8,2",0
238,1,239,"5,0,5,0,1",0
239,1,240,"2,5,1,3,8",0
240,1,241,"2,2,2,5,4",0
241,1,242,"2,6,5,3,4",0
242,1,243,"5,0,5,5,5",0
243,1,244,"1,5,5,0,1",0
244,1,245,"8,6,2,8,2",0
245,1,246,"5,4,5,0,5",0
246,1,247,"1,4,0,8,3",0
247,1,248,"0,2,4,8,4",0
248,1,249,"3,6,5,8,2",0
249,1,250,"5,0,2,8,1",0
250,1,251,"0,6,2,3,2",0
251,1,252,"4,4,5,0,5",0
252,1,253,"6,1,5,1,2",0
253,1,254,"8,8,5,5,5",0
254,1,255,"8,5,2,3,2",0
255,1,256,"1,8,5,1,5",0
256,1,257,"5,0,3,1,2",0
257,1,258,"8,0,0,3,6",0
258,1,259,"2,0,5,2,2",0
259,1,260,"4,4,3,0,2",0
260,1,261,"6,3,5,8,4",0
261,1,262,"5,2,5,5,1",0
262,1,263,"2,4,5,3,2",0
263,1,264,"3,4,5,8,6",0
264,1,265,"2,4,5,3,6",0
265,1,266,"0,5,2,8,8",0
266,1,267,"0,6,5,5,6",0
267,1,268,"4,0,2,8,8",0
268,1,269,"5,4,2,8,2",0
269,1,270,"4,1,3,5,0",0
270,1,271,"5,6,4,5,0",0
271,1,272,"2,6,2,0,5",0
272,1,273,"5,3,5,3,0",0
273,1,274,"4,4,2,8,4",0
274,1,275,"4,8,3,3,2",0
275,1,276,"2,0,3,6,5",0
276,1,277,"3,4,5,4,8",0
277,1,278,"4,5,5,8,5",0
278,1,279,"0,1,2,5,8",0
279,1,280,"3,8,5,8,8",0
280,1,281,"5,1,3,5,6",0
281,1,282,"5,8,4,8,2",0
282,1,283,"1,8,5,3,3",0
283,1,284,"1,1,6,0,4",0
284,1,285,"1,5,0,2,5",0
285,1,286,"0,1,5,5,0",0
286,1,287,"6,5,1,3,2",0
287,1,288,"5,8,0,4,5",0
288,1,289,"1,8,4,3,4",0
289,1,290,"3,8,0,0,0",0
290,1,291,"5,3,1,1,8",0
291,1,292,"2,3,4,8,1",0
292,1,293,"4,2,5,6,4",0
293,1,294,"0,5,5,2,0",0
294,1,295,"5,4,3,3,4",0
295,1,296,"4,0,2,8,4",0
296,1,297,"3,8,2,0,1",0
297,1,298,"6,5,4,8,2",0
298,1,299,"1,5,2,0,0",0
299,1,300,"3,6,5,6,6",0
300,1,301,"6,5,4,2,4",0
301,1,302,"5,8,5,8,2",0
302,1,303,"2,5,2,0,3",0
303,1,304,"5,1,4,8,5",0
304,1,305,"4,3,3,1,2",0
305,1,306,"8,5,2,0,5",0
306,1,307,"0,3,3,5,5",0
307,1,308,"4,5,5,8,3",0
308,1,309,"5,5,1,5,8",0
309,1,310,"2,5,3,8,4",0
310,1,311,"4,8,3,5,5",0
311,1,312,"5,4,6,0,5",0
312,1,313,"1,4,2,8,6",0
313,1,314,"0,6,2,6,4",0
314,1,315,"8,4,2,8,4",0
315,1,316,"8,5,5,8,6",0
316,1,317,"8,2,3,5,8",0
317,1,318,"0,3,0,3,4",0
318,1,319,"4,3,0,0,5",0
319,1,320,"8,4,4,3,4",0
320,1,321,"2,8,4,8,6",0
321,1,322,"5,6,1,0,0",0
322,1,323,"2,6,1,1,5",0
323,1,324,"5,3,0,2,4",0
324,1,325,"8,6,5,8,4",0
325,1,326,"1,6,0,0,2",0
326,1,327,"2,1,5,2,4",0
327,1,328,"2,1,6,5,5",0
328,1,329,"4,5,6,1,8",0
329,1,330,"4,5,4,5,4",0
330,1,331,"3,6,3,8,1",0
331,1,332,"2,8,3,3,3",0
332,1,333,"2,4,5,4,5",0
333,1,334,"5,3,8,5,5",0
334,1,335,"5,1,3,8,5",0
335,1,336,"5,5,5,5,5",0
336,1,337,"5,5,2,6,0",0
337,1,338,"0,3,4,8,5",0
338,1,339,"2,1,5,0,8",0
339,1,340,"8,6,3,8,2",0
340,1,341,"5,8,4,8,6",0
341,1,342,"0,8,5,3,4",0
342,1,343,"1,0,3,6,1",0
343,1,344,"1,2,2,0,5",0
344,1,345,"1,0,1,8,4",0
345,1,346,"1,5,5,0,1",0
346,1,347,"6,5,6,8,1",0
347,1,348,"6,6,3,0,5",0
348,1,349,"1,8,8,3,5",0
349,1,350,"1,3,4,4,2",0
350,1,351,"3,5,0,6,0",0
351,1,352,"8,0,4,0,6",0
352,1,353,"1,0,2,8,2",0
353,1,354,"1,0,5,8,6",0
354,1,355,"4,5,1,0,5",0
355,1,356,"4,6,2,5,4",0
356,1,357,"4,3,0,8,5",0
357,1,358,"1,6,1,5,3",0
358,1,359,"5,4,3,3,3",0
359,1,360,"3,5,0,6,2",0
360,1,361,"1,6,5,0,2",0
361,1,362,"4,1,0,3,4",0
362,1,363,"2,3,4,6,1",0
363,1,364,"1,5,8,8,0",0
364,1,365,"4,5,5,5,2",0
365,1,366,"4,4,1,8,2",0
366,1,367,"0,6,5,3,5",0
367,1,368,"5,6,6,5,5",0
368,1,369,"2,8,5,4,8",0
369,1,370,"8,1,2,2,6",0
370,1,371,"2,1,6,5,5",0
371,1,372,"1,3,4,0,8",0
372,1,373,"2,1,5,6,5",0
373,1,374,"1,6,3,3,4",0
374,1,375,"4,3,5,5,1",0
375,1,376,"2,5,2,0,5",0
376,1,377,"6,0,3,5,8",0
377,1,378,"5,2,2,3,3",1
378,1,379,"2,4,3,5,4",0
379,1,380,"6,6,4,0,4",0
380,1,381,"2,2,2,0,8",0
381,1,382,"0,6,5,8,0",0
382,1,383,"2,1,5,4,4",0
383,1,384,"4,6,8,0,4",0
384,1,385,"6,0,2,5,1",0
385,1,386,"5,4,5,5,3",0
386,1,387,"3,5,1,3,0",0
387,1,388,"3,0,0,4,2",0
388,1,389,"1,6,2,1,4",0
389,1,390,"1,8,5,8,1",0
390,1,391,"8,3,5,5,5",0
391,1,392,"5,1,4,8,6",0
392,1,393,"2,8,2,5,7",-1
393,1,394,"4,4,0,3,1",0
394,1,395,"4,0,2,3,4",0
395,1,396,"5,5,5,0,0",0
396,1,397,"8,3,4,4,4",0
397,1,398,"5,4,6,0,8",0
398,1,399,"6,3,0,1,3",0
399,1,400,"1,5,0,5,4",0
400,1,401,"1,0,5,5,2",0
401,1,402,"2,5,3,8,2",0
402,1,403,"0,0,1,8,4",0
403,1,404,"5,6,0,5,0",0
404,1,405,"5,8,2,5,3",0
405,1,406,"1,0,4,2,5",0
406,1,407,"1,3,3,5,5",0
407,1,408,"1,6,2,2,0",0
408,1,409,"2,5,5,5,5",0
409,1,410,"5,4,5,8,4",0
410,1,411,"5,4,4,5,1",0
411,1,412,"6,6,2,5,5",0
412,1,413,"5,5,4,5,4",0
413,1,414,"1,8,4,8,5",0
414,1,415,"4,1,5,8,4",0
415,1,416,"8,2,5,6,5",0
416,1,417,"7,3,3,6,5",-1
417,1,418,"5,4,1,0,3",0
418,1,419,"5,8,3,3,0",0
419,1,420,"8,5,3,3,4",0
420,1,421,"5,6,6,8,0",0
421,1,422,"1,0,3,3,6",0
422,1,423,"1,8,2,8,3",0
423,1,424,"2,6,2,3,5",0
424,1,425,"2,5,5,5,4",1
425,1,426,"1,3,0,3,5",0
426,1,427,"4,8,2,8,5",0
427,1,428,"3,5,1,8,4",0
428,1,429,"4,3,4,6,2",0
429,1,430,"2,0,6,2,8",0
430,1,431,"2,3,3,3,5",0
431,1,432,"3,2,5,4,1",0
432,1,433,"5,4,5,5,8",0
433,1,434,"0,6,4,0,3",0
434,1,435,"8,4,6,5,5",0
435,1,436,"1,2,1,8,2",0
436,1,437,"5,3,2,8,2",0
437,1,438,"0,4,3,5,5",0
438,1,439,"3,6,5,5,1",1
439,1,440,"5,4,5,8,8",0
440,1,441,"2,8,5,2,4",0
441,1,442,"6,4,3,8,5",0
442,1,443,"4,2,3,3,0",0
443,1,444,"1,1,2,6,2",0
444,1,445,"8,0,1,8,1",0
445,1,446,"2,1,2,8,2",0
446,1,447,"1,3,2,3,8",1
447,1,448,"5,3,6,5,1",0
448,1,449,"1,0,0,8,8",0
449,1,450,"2,4,3,5,5",1
450,1,451,"2,8,3,5,8",0
451,1,452,"5,2,2,8,4",0
452,1,453,"0,1,4,0,7",-1
453,1,454,"1,4,6,5,2",0
454,1,455,"2,2,2,0,4",0
455,1,456,"4,2,1,8,7",-1
456,1,457,"1,4,5,4,2",0
457,1,458,"4,0,8,5,8",0
458,1,459,"0,6,5,4,6",0
459,1,460,"8,8,5,5,5",0
460,1,461,"2,0,7,1,6",-51
461,1,462,"4,1,3,3,8",0
462,1,463,"1,6,5,5,6",0
463,1,464,"2,0,4,6,3",0
464,1,465,"2,8,2,0,5",0
465,1,466,"3,0,1,5,4",0
466,1,467,"8,6,4,0,2",0
467,1,468,"1,2,5,5,8",0
468,1,469,"8,3,8,5,5",0
469,1,470,"8,5,5,0,3",0
470,1,471,"6,5,5,5,2",0
471,1,472,"3,3,5,8,3",0
472,1,473,"4,5,3,3,5",0
473,1,474,"4,3,4,3,2",0
474,1,475,"1,0,0,2,4",0
475,1,476,"1,8,5,1,4",0
476,1,477,"1,5,5,0,5",0
477,1,478,"6,6,1,5,2",0
478,1,479,"7,4,5,3,6",-1
479,1,480,"0,3,3,0,5",0
480,1,481,"4,5,6,0,0",0
481,1,482,"1,8,0,3,4",0
482,1,483,"5,5,5,8,0",0
483,1,484,"2,3,2,1,1",0
484,1,485,"6,0,2,5,6",0
485,1,486,"8,1,2,5,4",0
486,1,487,"1,8,5,0,6",0
487,1,488,"1,1,5,5,0",0
488,1,489,"4,5,4,0,2",0
489,1,490,"3,1,2,3,0",0
490,1,491,"3,0,2,4,5",0
491,1,492,"4,4,5,2,2",0
492,1,493,"5,3,5,8,5",0
493,1,494,"1,3,2,5,6",0
494,1,495,"6,0,1,3,0",0
495,1,496,"5,3,4,8,0",0
496,1,497,"3,6,0,5,6",0
497,1,498,"2,8,3,1,2",0
498,1,499,"1,4,0,0,2",0
499,1,500,"2,5,1,3,2",0
500,1,501,"2,0,3,0,8",0
501,1,502,"2,8,5,1,5",0
502,1,503,"6,4,2,5,4",0
503,1,504,"5,4,7,5,4",-1
504,1,505,"1,8,1,8,1",0
505,1,506,"2,6,2,8,5",1
506,1,507,"2,5,4,5,5",0
507,1,508,"3,8,3,0,8",0
508,1,509,"2,1,2,5,4",0
509,1,510,"4,3,1,5,2",0
510,1,511,"6,4,6,0,1",1
511,1,512,"4,6,5,0,8",0
512,1,513,"2,3,5,5,6",1
513,1,514,"4,0,8,0,5",0
514,1,515,"5,6,1,5,1",0
515,1,516,"1,3,4,5,2",0
516,1,517,"3,5,0,8,6",0
517,1,518,"2,8,5,5,1",0
518,1,519,"5,0,1,3,3",0
519,1,520,"8,1,8,1,4",0
520,1,521,"5,5,4,3,4",0
521,1,522,"1,4,5,5,8",0
522,1,523,"0,6,0,8,2",0
523,1,524,"6,6,3,5,0",0
524,1,525,"5,5,0,3,5",0
525,1,526,"5,5,5,0,3",0
526,1,527,"4,4,1,1,4",0
527,1,528,"5,4,3,3,3",0
528,1,529,"0,3,5,0,2",0
529,1,530,"1,3,0,6,4",0
530,1,531,"5,5,1,5,6",0
531,1,532,"6,3,0,0,6",0
532,1,533,"5,3,8,5,4",0
533,1,534,"2,3,2,5,6",0
534,1,535,"4,3,2,0,4",0
535,1,536,"1,5,3,5,6",0
536,1,537,"3,8,0,0,3",1
537,1,538,"5,4,2,1,5",0
538,1,539,"2,3,3,5,1",1
539,1,540,"1,3,5,8,4",0
540,1,541,"0,0,2,1,5",0
541,1,542,"1,6,5,3,1",0
542,1,543,"4,0,5,5,4",1
543,1,544,"1,0,5,5,5",1
544,1,545,"4,0,3,8,5",0
545,1,546,"2,6,2,3,1",0
546,1,547,"1,8,2,6,0",0
547,1,548,"5,8,3,8,0",0
548,1,549,"6,6,3,8,2",0
549,1,550,"6,1,3,8,2",0
550,1,551,"1,5,1,5,4",0
551,1,552,"2,5,6,5,8",0
552,1,553,"1,8,4,5,6",0
553,1,554,"1,4,5,5,8",0
554,1,555,"2,5,4,1,4",0
555,1,556,"2,3,2,8,2",0
556,1,557,"4,6,3,3,0",0
557,1,558,"2,5,2,6,4",0
558,1,559,"3,5,5,0,4",0
559,1,560,"4,5,5,0,4",0
560,1,561,"1,3,3,8,4",0
561,1,562,"0,4,2,5,3",0
562,1,563,"2,3,1,3,0",0
563,1,564,"3,8,4,8,4",0
564,1,565,"2,1,3,3,5",0
565,1,566,"6,8,3,5,1",0
566,1,567,"1,5,2,0,8",0
567,1,568,"8,4,3,0,8",0
568,1,569,"3,1,5,0,2",0
569,1,570,"1,6,0,8,2",0
570,1,571,"8,0,0,5,5",0
571,1,572,"1,4,5,0,4",0
572,1,573,"0,6,5,5,0",0
573,1,574,"8,2,2,8,2",0
574,1,575,"2,1,8,3,4",0
575,1,576,"3,8,8,3,6",0
576,1,577,"4,4,1,1,2",0
577,1,578,"5,6,4,8,8",0
578,1,579,"4,8,4,3,4",0
579,1,580,"0,4,6,5,4",0
580,1,581,"2,5,0,5,6",0
581,1,582,"4,4,5,8,2",0
582,1,583,"8,3,0,5,5",0
583,1,584,"5,3,2,5,4",0
584,1,585,"5,4,5,5,5",0
585,1,586,"5,8,2,8,8",0
586,1,587,"0,0,8,5,6",0
587,1,588,"6,0,8,3,4",0
588,1,589,"0,6,6,2,4",0
589,1,590,"5,5,6,3,6",0
590,1,591,"0,4,2,4,0",0
591,1,592,"2,2,6,3,2",0
592,1,593,"1,6,2,3,6",0
593,1,594,"6,8,2,1,5",0
594,1,595,"5,4,5,3,4",0
595,1,596,"8,5,0,5,3",0
596,1,597,"3,4,0,0,5",0
597,1,598,"0,1,4,1,2",0
598,1,599,"0,6,3,5,5",0
599,1,600,"1,5,5,0,1",0
600,1,601,"2,6,2,2,1",1
601,1,602,"1,4,2,2,5",0
602,1,603,"7,3,4,0,0",-1
603,1,604,"4,6,4,8,6",0
604,1,605,"1,1,3,5,6",0
605,1,606,"4,8,2,0,4",0
606,1,607,"5,3,5,5,4",0
607,1,608,"4,5,8,5,8",0
608,1,609,"5,6,0,8,3",0
609,1,610,"5,6,5,0,0",0
610,1,611,"6,4,6,1,8",0
611,1,612,"5,3,5,5,3",0
612,1,613,"2,0,4,5,3",0
613,1,614,"6,5,3,1,5",0
614,1,615,"0,5,5,8,5",0
615,1,616,"2,4,5,5,4",0
616,1,617,"7,5,5,8,2",-1
617,1,618,"3,1,5,1,5",0
618,1,619,"8,5,1,2,5",0
619,1,620,"8,5,5,0,4",0
620,1,621,"6,8,3,5,5",0
621,1,622,"8,5,6,8,1",0
622,1,623,"1,8,1,5,0",0
623,1,624,"4,3,5,0,1",0
624,1,625,"5,8,8,8,0",0
625,1,626,"2,4,3,0,1",0
626,1,627,"6,5,7,8,0",-1
627,1,628,"2,5,6,5,0",0
628,1,629,"5,6,3,6,5",0
629,1,630,"5,6,2,5,5",0
630,1,631,"4,4,0,0,6",0
631,1,632,"3,0,5,5,5",0
632,1,633,"4,2,2,5,6",0
633,1,634,"8,8,3,5,2",0
634,1,635,"1,6,5,8,5",0
635,1,636,"4,3,5,5,3",0
636,1,637,"1,5,1,0,3",0
637,1,638,"0,3,3,4,2",0
638,1,639,"0,2,2,8,3",0
639,1,640,"3,5,4,5,6",0
640,1,641,"8,5,2,1,4",0
641,1,642,"1,6,5,2,0",0
642,1,643,"8,5,4,5,0",0
643,1,644,"6,8,0,3,4",0
644,1,645,"4,0,2,0,3",0
645,1,646,"3,4,5,8,3",0
646,1,647,"6,3,5,4,4",0
647,1,648,"1,5,1,0,0",0
648,1,649,"6,2,5,3,4",0
649,1,650,"4,4,1,4,1",0
650,1,651,"5,8,6,6,6",0
651,1,652,"8,4,2,8,4",0
652,1,653,"2,5,2,3,5",0
653,1,654,"4,4,5,5,5",0
654,1,655,"5,5,2,3,2",0
655,1,656,"0,1,5,0,3",0
656,1,657,"3,1,5,8,7",-1
657,1,658,"1,4,0,8,4",0
658,1,659,"0,7,3,5,5",-1
659,1,660,"4,8,0,8,0",0
660,1,661,"0,0,0,6,0",0
661,1,662,"3,3,0,5,4",0
662,1,663,"2,8,4,8,3",0
663,1,664,"1,8,2,0,2",0
664,1,665,"5,4,2,5,8",0
665,1,666,"2,6,4,0,8",0
666,1,667,"4,6,0,0,4",0
667,1,668,"0,0,4,5,3",0
668,1,669,"1,3,0,5,0",0
669,1,670,"8,4,1,5,4",0
670,1,671,"5,5,0,5,2",0
671,1,672,"5,8,3,8,8",0
672,1,673,"8,0,8,5,4",0
673,1,674,"6,8,1,3,5",0
674,1,675,"0,4,3,0,6",0
675,1,676,"3,8,0,1,6",0
676,1,677,"1,1,5,6,1",0
677,1,678,"3,8,5,6,4",0
678,1,679,"5,8,2,5,0",0
679,1,680,"4,1,5,5,8",0
680,1,681,"1,8,3,8,6",0
681,1,682,"2,3,5,4,5",1
682,1,683,"5,3,2,2,3",0
683,1,684,"0,8,2,8,6",1
684,1,685,"0,6,5,0,5",0
685,1,686,"0,8,2,5,4",0
686,1,687,"5,0,3,6,2",1
687,1,688,"2,6,5,0,6",0
688,1,689,"1,5,3,5,4",0
689,1,690,"5,0,3,8,2",0
690,1,691,"0,2,5,0,6",0
691,1,692,"3,5,3,8,4",0
692,1,693,"1,5,1,0,3",0
693,1,694,"0,1,4,5,1",0
694,1,695,"1,0,5,5,1",0
695,1,696,"2,5,2,5,5",0
696,1,697,"0,5,4,6,2",0
697,1,698,"1,3,5,0,2",0
698,1,699,"5,0,5,8,4",0
699,1,700,"2,3,3,5,0",0
700,1,701,"0,6,0,0,4",0
701,1,702,"0,0,2,3,4",0
702,1,703,"5,8,2,0,5",0
703,1,704,"1,8,5,5,4",0
704,1,705,"4,5,2,6,1",0
705,1,706,"1,8,3,1,2",0
706,1,707,"2,8,2,8,8",0
707,1,708,"4,3,5,3,0",0
708,1,709,"6,3,5,0,4",0
709,1,710,"6,6,0,8,5",0
710,1,711,"8,3,4,5,8",0
711,1,712,"0,1,5,8,5",0
712,1,713,"3,1,8,4,5",0
713,1,714,"1,0,6,0,3",0
714,1,715,"5,1,2,5,4",0
715,1,716,"2,4,2,5,4",0
716,1,717,"5,5,2,0,7",-1
717,1,718,"5,5,0,3,5",0
718,1,719,"8,5,5,3,2",0
719,1,720,"0,3,3,3,5",0
720,1,721,"5,1,3,5,1",0
721,1,722,"3,0,2,5,5",0
722,1,723,"8,4,1,8,8",0
723,1,724,"8,8,5,5,8",0
724,1,725,"1,8,0,7,6",0
725,1,726,"4,6,2,0,4",0
726,1,727,"1,4,5,3,4",0
727,1,728,"0,3,6,3,1",0
728,1,729,"4,0,6,3,5",0
729,1,730,"3,6,3,1,2",0
730,1,731,"5,0,2,5,5",0
731,1,732,"2,5,0,0,8",0
732,1,733,"4,1,1,8,3",0
733,1,734,"2,2,5,5,8",0
734,1,735,"4,4,5,5,8",0
735,1,736,"4,4,0,8,4",0
736,1,737,"4,6,3,1,0",0
737,1,738,"8,2,0,0,0",1
738,1,739,"6,4,1,8,0",0
739,1,740,"4,1,1,5,0",0
740,1,741,"2,4,3,3,8",0
741,1,742,"2,4,1,5,1",0
742,1,743,"6,1,1,5,0",0
743,1,744,"1,5,1,8,8",0
744,1,745,"3,3,5,3,8",0
745,1,746,"0,0,8,5,1",0
746,1,747,"0,6,5,0,1",0
747,1,748,"2,2,5,5,3",0
748,1,749,"5,8,1,0,5",0
749,1,750,"4,5,3,0,8",0
750,1,751,"0,5,3,5,6",0
751,1,752,"4,4,2,0,3",0
752,1,753,"1,1,3,6,4",0
753,1,754,"0,4,5,8,6",0
754,1,755,"7,0,0,5,4",-1
755,1,756,"5,4,8,7,4",-1
756,1,757,"2,8,5,8,6",0
757,1,758,"5,6,1,2,3",0
758,1,759,"5,5,5,0,5",0
759,1,760,"8,4,5,5,6",0
760,1,761,"2,5,3,0,0",0
761,1,762,"2,8,4,6,2",0
762,1,763,"0,0,2,3,0",0
763,1,764,"4,2,8,1,5",0
764,1,765,"1,0,2,3,1",0
765,1,766,"2,5,0,3,8",0
766,1,767,"4,6,0,0,4",0
767,1,768,"5,5,0,3,8",0
768,1,769,"8,5,3,3,2",0
769,1,770,"1,3,5,5,5",0
770,1,771,"3,2,2,8,4",0
771,1,772,"1,5,5,3,5",1
772,1,773,"5,6,0,3,2",0
773,1,774,"2,3,2,5,0",0
774,1,775,"6,0,0,8,4",0
775,1,776,"5,5,5,8,2",0
776,1,777,"5,0,2,6,4",0
777,1,778,"0,5,4,8,5",0
778,1,779,"8,3,5,3,6",0
779,1,780,"4,5,3,8,5",0
780,1,781,"8,5,5,1,8",0
781,1,782,"6,3,2,0,5",0
782,1,783,"0,1,2,8,8",0
783,1,784,"2,1,5,4,3",0
784,1,785,"3,5,4,5,5",0
785,1,786,"2,4,7,8,4",-1
786,1,787,"2,1,0,0,1",0
787,1,788,"2,4,5,6,4",0
788,1,789,"4,4,8,8,4",0
789,1,790,"6,6,3,5,4",0
790,1,791,"5,6,3,8,0",0
791,1,792,"2,3,0,3,3",0
792,1,793,"1,3,5,8,4",0
793,1,794,"0,4,2,3,2",0
794,1,795,"1,0,0,0,1",0
795,1,796,"0,5,5,5,6",0
796,1,797,"2,8,0,6,6",0
797,1,798,"4,0,5,5,0",0
798,1,799,"2,3,4,2,8",0
799,1,800,"1,2,2,6,6",0
800,1,801,"1,5,8,5,8",0
801,1,802,"2,6,0,8,8",0
802,1,803,"0,4,3,8,3",0
803,1,804,"4,3,1,5,8",0
804,1,805,"1,1,4,2,3",0
805,1,806,"5,1,6,1,4",0
806,1,807,"1,1,2,0,2",0
807,1,808,"0,1,8,0,6",0
808,1,809,"5,1,6,0,4",0
809,1,810,"6,6,3,0,8",0
810,1,811,"2,0,4,5,0",0
811,1,812,"4,3,4,6,5",0
812,1,813,"4,8,8,8,4",0
813,1,814,"2,2,5,2,5",0
814,1,815,"3,1,2,0,5",0
815,1,816,"6,0,5,3,0",0
816,1,817,"0,3,5,3,6",1
817,1,818,"2,3,4,5,4",0
818,1,819,"1,1,3,0,4",0
819,1,820,"0,5,8,4,6",0
820,1,821,"8,5,1,5,5",0
821,1,822,"1,3,6,8,4",0
822,1,823,"5,6,0,5,4",0
823,1,824,"1,5,4,8,4",0
824,1,825,"5,8,2,6,4",0
825,1,826,"8,8,1,8,0",0
826,1,827,"1,8,0,8,8",0
827,1,828,"4,0,0,3,3",0
828,1,829,"3,1,2,4,5",0
829,1,830,"4,0,5,3,5",0
830,1,831,"4,6,0,3,5",0
831,1,832,"5,8,5,4,4",0
832,1,833,"1,4,2,3,4",0
833,1,834,"0,6,3,8,2",0
834,1,835,"0,6,4,8,5",0
835,1,836,"5,8,3,5,4",0
836,1,837,"4,5,6,6,4",0
837,1,838,"5,0,3,5,1",0
838,1,839,"1,4,5,5,6",0
839,1,840,"5,8,2,8,2",0
840,1,841,"3,2,0,5,3",0
841,1,842,"2,5,3,5,2",0
842,1,843,"8,1,0,8,4",0
843,1,844,"2,5,2,5,0",1
844,1,845,"2,0,6,8,3",0
845,1,846,"1,4,5,8,5",0
846,1,847,"2,5,6,4,4",0
847,1,848,"2,5,0,8,1",0
848,1,849,"4,4,5,0,3",0
849,1,850,"2,4,2,8,6",0
850,1,851,"8,1,3,4,8",0
851,1,852,"2,8,1,2,2",0
852,1,853,"2,4,3,1,6",0
853,1,854,"3,6,3,2,4",0
854,1,855,"3,5,1,0,5",0
855,1,856,"1,5,2,0,1",0
856,1,857,"2,6,5,1,4",0
857,1,858,"2,5,4,5,3",0
858,1,859,"2,6,5,8,5",0
859,1,860,"8,6,2,8,0",0
860,1,861,"5,6,3,5,4",0
861,1,862,"8,1,6,3,8",0
862,1,863,"1,5,5,0,5",0
863,1,864,"2,8,5,3,8",0
864,1,865,"3,4,4,4,5",0
865,1,866,"8,6,5,0,3",0
866,1,867,"4,2,3,8,6",0
867,1,868,"2,3,2,5,1",0
868,1,869,"3,8,1,1,5",0
869,1,870,"4,0,4,8,2",0
870,1,871,"4,6,8,5,0",0
871,1,872,"2,3,8,3,5",0
872,1,873,"6,4,3,8,5",0
873,1,874,"0,4,2,5,2",0
874,1,875,"0,3,4,6,5",0
875,1,876,"1,1,4,8,5",0
876,1,877,"2,6,3,5,3",0
877,1,878,"4,3,5,2,2",0
878,1,879,"0,1,5,5,4",0
879,1,880,"5,1,8,0,5",0
880,1,881,"5,3,6,8,5",0
881,1,882,"1,0,2,2,8",0
882,1,883,"2,6,5,8,4",0
883,1,884,"4,0,2,0,8",0
884,1,885,"2,8,3,2,2",0
885,1,886,"1,4,5,8,6",0
886,1,887,"2,3,4,3,5",0
887,1,888,"2,5,0,6,0",0
888,1,889,"2,8,2,8,2",0
889,1,890,"1,5,2,5,6",0
890,1,891,"2,5,6,8,4",0
891,1,892,"0,4,5,8,4",0
892,1,893,"2,4,1,1,1",0
893,1,894,"0,6,3,8,5",0
894,1,895,"5,8,2,8,4",0
895,1,896,"0,1,0,3,2",0
896,1,897,"1,1,5,5,6",0
897,1,898,"4,3,4,2,0",0
898,1,899,"2,6,5,0,4",0
899,1,900,"5,4,1,3,1",0
900,1,901,"2,5,5,8,1",0
901,1,902,"6,3,5,0,6",0
902,1,903,"6,4,5,5,1",0
903,1,904,"1,3,5,3,1",0
904,1,905,"5,0,1,0,5",0
905,1,906,"6,8,3,0,5",0
906,1,907,"0,4,2,3,8",0
907,1,908,"2,4,0,4,3",0
908,1,909,"2,1,4,8,1",1
909,1,910,"4,0,4,3,5",0
910,1,911,"4,6,3,1,3",0
911,1,912,"5,8,3,5,4",0
912,1,913,"8,4,5,0,2",0
913,1,914,"5,5,1,3,4",0
914,1,915,"1,6,2,8,8",0
915,1,916,"4,5,5,0,6",0
916,1,917,"8,8,5,6,0",0
917,1,918,"1,0,5,8,6",0
918,1,919,"1,0,3,6,8",0
919,1,920,"1,5,6,0,0",0
920,1,921,"8,4,5,0,4",0
921,1,922,"2,8,5,5,1",0
922,1,923,"4,6,3,2,6",0
923,1,924,"8,5,5,5,2",0
924,1,925,"2,6,1,4,5",0
925,1,926,"5,1,1,2,2",0
926,1,927,"1,0,5,8,8",0
927,1,928,"0,0,5,8,1",0
928,1,929,"5,4,0,5,0",0
929,1,930,"6,5,5,5,2",0
930,1,931,"3,6,4,0,6",0
931,1,932,"0,5,5,3,6",0
932,1,933,"2,4,1,2,2",0
933,1,934,"8,8,1,1,3",0
934,1,935,"1,3,5,5,8",0
935,1,936,"5,8,5,5,3",0
936,1,937,"5,2,2,0,6",0
937,1,938,"2,3,5,0,8",0
938,1,939,"5,5,5,5,5",0
939,1,940,"5,1,4,8,8",0
940,1,941,"2,1,0,5,3",0
941,1,942,"1,2,1,5,8",0
942,1,943,"2,5,3,8,8",0
943,1,944,"4,3,5,5,0",0
944,1,945,"2,8,0,5,2",0
945,1,946,"6,6,2,8,1",0
946,1,947,"5,6,1,3,5",0
947,1,948,"8,5,2,8,6",0
948,1,949,"5,5,0,2,5",0
949,1,950,"3,8,1,5,8",0
950,1,951,"2,1,2,4,5",0
951,1,952,"6,8,2,5,1",0
952,1,953,"1,6,5,4,0",0
953,1,954,"1,6,2,5,4",0
954,1,955,"0,0,2,8,5",0
955,1,956,"2,0,1,3,2",0
956,1,957,"2,6,2,2,6",0
957,1,958,"5,3,2,4,0",0
958,1,959,"6,3,4,0,6",0
959,1,960,"1,6,6,3,6",0
960,1,961,"1,4,3,8,4",0
961,1,962,"1,3,8,8,2",0
962,1,963,"1,5,5,3,0",0
963,1,964,"2,0,3,5,6",0
964,1,965,"8,6,1,0,3",0
965,1,966,"5,4,2,3,8",0
966,1,967,"3,8,1,2,6",0
967,1,968,"4,5,4,5,1",0
968,1,969,"5,4,5,1,5",0
969,1,970,"1,5,6,8,1",0
970,1,971,"6,8,4,3,4",0
971,1,972,"5,4,5,3,1",0
972,1,973,"1,3,2,8,2",0
973,1,974,"5,6,3,3,6",0
974,1,975,"2,5,8,8,2",0
975,1,976,"2,8,3,5,4",0
976,1,977,"4,0,5,4,2",0
977,1,978,"1,1,4,3,4",0
978,1,979,"5,3,5,6,3",0
979,1,980,"8,4,6,1,5",0
980,1,981,"8,6,8,3,0",0
981,1,982,"2,8,2,6,1",0
982,1,983,"5,4,6,4,5",0
983,1,984,"6,8,2,8,2",0
984,1,985,"6,4,6,0,2",0
985,1,986,"4,6,8,3,2",0
986,1,987,"4,4,6,1,8",0
987,1,988,"8,5,5,4,8",0
988,1,989,"2,1,7,5,8",-1
989,1,990,"3,5,8,6,0",0
990,1,991,"1,8,6,5,8",0
991,1,992,"1,8,5,5,1",0
992,1,993,"8,4,5,5,1",0
993,1,994,"6,5,2,6,2",0
994,1,995,"1,4,0,6,1",0
995,1,996,"0,1,2,5,3",0
996,1,997,"4,5,1,6,8",0
997,1,998,"4,6,4,5,4",0
998,1,999,"6,5,2,6,0",0
999,1,1000,"1,5,2,5,1",0
1000,2,1,"1,3,3,6,0",0
1001,2,2,"6,8,2,6,4",0
1002,2,3,"1,8,6,6,5",0
1003,2,4,"2,4,0,8,5",0
1004,2,5,"1,8,4,5,6",0
1005,2,6,"1,3,2,8,0",0
1006,2,7,"5,1,5,1,3",0
1007,2,8,"6,6,6,5,1",0
1008,2,9,"3,0,3,6,4",0
1009,2,10,"6,6,6,0,8",0
1010,2,11,"5,6,5,8,8",0
1011,2,12,"3,6,8,8,8",0
1012,2,13,"5,4,5,0,5",0
1013,2,14,"8,5,0,8,0",0
1014,2,15,"8,2,3,3,4",0
1015,2,16,"1,8,3,1,4",0
1016,2,17,"0,4,2,0,1",0
1017,2,18,"0,1,0,5,3",0
1018,2,19,"6,6,2,6,0",0
1019,2,20,"5,3,3,8,8",0
1020,2,21,"5,0,3,0,5",0
1021,2,22,"5,4,3,3,5",0
1022,2,23,"6,8,3,1,5",0
1023,2,24,"3,8,8,6,8",0
1024,2,25,"8,1,2,5,4",0
1025,2,26,"0,3,4,8,8",0
1026,2,27,"8,4,5,0,4",0
1027,2,28,"8,8,3,5,5",0
1028,2,29,"5,3,1,8,5",0
1029,2,30,"6,3,3,0,5",0
1030,2,31,"4,5,5,0,4",0
1031,2,32,"8,8,2,4,2",0
1032,2,33,"1,5,5,3,5",0
1033,2,34,"5,6,5,5,1",0
1034,2,35,"3,8,1,0,8",0
1035,2,36,"3,5,4,5,2",0
1036,2,37,"5,4,6,3,2",0
1037,2,38,"3,4,2,5,2",0
1038,2,39,"5,6,3,3,5",0
1039,2,40,"3,1,5,8,5",0
1040,2,41,"6,0,1,8,5",0
1041,2,42,"4,8,0,8,4",0
1042,2,43,"1,3,5,8,2",0
1043,2,44,"2,5,3,1,1",0
1044,2,45,"1,8,3,5,6",0
1045,2,46,"2,0,1,1,6",0
1046,2,47,"2,0,4,5,1",0
1047,2,48,"3,8,4,8,8",0
1048,2,49,"4,4,5,8,4",0
1049,2,50,"2,8,0,3,5",0
1050,2,51,"6,1,2,4,4",0
1051,2,52,"0,8,2,5,0",0
1052,2,53,"2,1,3,3,1",0
1053,2,54,"4,6,5,2,0",0
1054,2,55,"3,6,2,0,5",0
1055,2,56,"1,3,3,3,0",0
1056,2,57,"3,6,4,8,5",0
1057,2,58,"4,6,3,8,4",0
1058,2,59,"2,5,3,3,2",0
1059,2,60,"4,8,2,5,0",0
1060,2,61,"8,4,5,5,5",0
1061,2,62,"4,1,2,8,5",0
1062,2,63,"2,4,0,5,1",0
1063,2,64,"5,6,5,8,2",0
1064,2,65,"6,3,5,0,4",0
1065,2,66,"8,2,3,0,1",0
1066,2,67,"1,8,3,0,6",0
1067,2,68,"4,0,6,1,8",0
1068,2,69,"2,1,5,3,4",0
1069,2,70,"8,8,0,6,0",0
1070,2,71,"1,5,1,3,0",0
1071,2,72,"1,4,3,0,2",0
1072,2,73,"0,4,8,5,1",0
1073,2,74,"2,4,5,3,8",0
1074,2,75,"3,4,1,2,5",0
1075,2,76,"0,4,3,2,4",0
1076,2,77,"6,5,5,3,4",0
1077,2,78,"2,8,0,3,5",0
1078,2,79,"1,8,6,4,1",0
1079,2,80,"2,6,5,3,1",0
1080,2,81,"4,5,5,5,5",0
1081,2,82,"1,0,4,0,6",0
1082,2,83,"2,1,5,6,4",0
1083,2,84,"2,5,8,6,5",0
1084,2,85,"4,6,1,0,8",0
1085,2,86,"2,0,5,5,1",0
1086,2,87,"1,4,5,0,4",0
1087,2,88,"0,4,2,5,3",0
1088,2,89,"2,4,5,6,5",0
1089,2,90,"2,2,5,5,1",0
1090,2,91,"2,6,3,2,8",0
1091,2,92,"8,4,3,0,4",0
1092,2,93,"5,4,1,8,4",0
1093,2,94,"4,3,4,1,1",0
1094,2,95,"0,6,7,5,1",-1
1095,2,96,"4,5,3,6,1",0
1096,2,97,"3,3,2,0,1",0
1097,2,98,"2,5,2,5,8",0
1098,2,99,"1,2,4,5,8",0
1099,2,100,"8,8,5,6,4",0
1100,2,101,"4,5,4,3,5",0
1101,2,102,"2,1,2,1,4",0
1102,2,103,"5,4,4,8,8",0
1103,2,104,"1,5,2,6,5",0
1104,2,105,"8,5,3,2,3",0
1105,2,106,"3,3,2,3,2",0
1106,2,107,"0,8,3,8,5",0
1107,2,108,"1,5,2,8,2",0
1108,2,109,"4,8,1,5,7",-1
1109,2,110,"5,2,8,8,5",0
1110,2,111,"2,5,1,1,0",0
1111,2,112,"2,5,2,4,2",0
1112,2,113,"4,3,2,1,2",0
1113,2,114,"3,2,5,8,3",0
1114,2,115,"6,6,2,5,1",0
1115,2,116,"5,0,1,5,0",0
1116,2,117,"6,8,2,8,5",0
1117,2,118,"0,8,5,5,4",0
1118,2,119,"4,3,5,2,5",0
1119,2,120,"2,8,1,0,4",0
1120,2,121,"4,1,5,8,1",0
1121,2,122,"1,6,1,5,6",0
1122,2,123,"1,3,1,5,1",0
1123,2,124,"6,0,1,5,4",0
1124,2,125,"4,5,7,6,4",-1
1125,2,126,"5,5,1,5,6",0
1126,2,127,"2,6,3,3,1",0
1127,2,128,"6,4,4,8,1",0
1128,2,129,"4,5,2,5,4",0
1129,2,130,"8,5,7,8,8",-1
1130,2,131,"8,5,2,5,6",0
1131,2,132,"6,6,5,5,1",0
1132,2,133,"4,3,5,0,4",0
1133,2,134,"2,3,5,8,4",0
1134,2,135,"2,5,3,3,5",0
1135,2,136,"0,3,6,6,4",0
1136,2,137,"6,1,8,3,5",0
1137,2,138,"0,4,0,5,2",0
1138,2,139,"1,2,5,5,2",0
1139,2,140,"1,3,2,5,6",0
1140,2,141,"2,5,2,6,4",0
1141,2,142,"3,5,5,5,4",0
1142,2,143,"3,3,6,3,6",0
1143,2,144,"2,1,5,5,6",0
1144,2,145,"5,4,5,8,6",0
1145,2,146,"2,5,5,5,4",0
1146,2,147,"0,2,4,5,6",0
1147,2,148,"5,5,8,3,6",0
1148,2,149,"1,8,0,5,4",0
1149,2,150,"5,4,5,1,6",0
1150,2,151,"5,8,3,8,5",0
1151,2,152,"0,0,5,8,5",0
1152,2,153,"3,4,5,0,8",0
1153,2,154,"6,3,8,5,5",0
1154,2,155,"5,5,1,0,4",0
1155,2,156,"8,8,2,0,1",0
1156,2,157,"5,4,2,8,3",0
1157,2,158,"6,5,1,0,5",0
1158,2,159,"2,5,5,2,3",0
1159,2,160,"1,5,3,3,6",0
1160,2,161,"0,6,0,8,5",0
1161,2,162,"0,0,5,3,8",0
1162,2,163,"5,0,2,8,5",0
1163,2,164,"3,3,5,0,4",0
1164,2,165,"1,1,8,3,5",0
1165,2,166,"1,3,4,0,8",0
1166,2,167,"3,6,5,3,5",0
1167,2,168,"4,3,5,6,4",0
1168,2,169,"8,6,1,8,5",0
1169,2,170,"0,6,5,0,4",0
1170,2,171,"1,8,3,5,5",0
1171,2,172,"1,8,0,8,4",0
1172,2,173,"3,6,4,5,2",0
1173,2,174,"2,5,3,2,5",0
1174,2,175,"3,3,5,5,0",0
1175,2,176,"8,8,1,4,8",0
1176,2,177,"1,4,7,5,3",-1
1177,2,178,"6,6,5,5,3",0
1178,2,179,"4,8,5,4,1",0
1179,2,180,"3,6,4,5,2",0
1180,2,181,"2,5,3,8,8",0
1181,2,182,"1,3,2,0,6",0
1182,2,183,"2,6,4,3,0",0
1183,2,184,"4,2,2,6,5",0
1184,2,185,"3,8,4,0,1",0
1185,2,186,"3,1,3,5,2",0
1186,2,187,"5,8,5,5,1",0
1187,2,188,"6,4,5,5,1",0
1188,2,189,"6,6,5,8,2",0
1189,2,190,"1,6,2,2,2",0
1190,2,191,"2,5,0,8,2",0
1191,2,192,"1,0,2,2,5",0
1192,2,193,"3,7,2,8,3",-1
1193,2,194,"1,8,1,0,8",0
1194,2,195,"2,2,5,8,1",0
1195,2,196,"0,0,8,8,1",0
1196,2,197,"8,4,1,8,6",0
1197,2,198,"2,0,0,5,4",0
1198,2,199,"2,3,2,5,4",0
1199,2,200,"4,5,2,8,5",0
1200,2,201,"1,5,1,8,4",0
1201,2,202,"2,8,1,8,1",0
1202,2,203,"4,6,1,5,1",0
1203,2,204,"4,6,5,5,4",0
1204,2,205,"0,6,2,8,6",0
1205,2,206,"4,8,3,5,1",0
1206,2,207,"8,8,6,8,8",0
1207,2,208,"0,5,5,0,3",0
1208,2,209,"6,4,8,5,0",0
1209,2,210,"1,8,5,6,5",0
1210,2,211,"0,1,5,8,4",0
1211,2,212,"2,1,2,5,8",0
1212,2,213,"0,1,1,5,8",0
1213,2,214,"1,5,2,8,6",0
1214,2,215,"2,3,3,0,6",0
1215,2,216,"1,4,3,8,6",0
1216,2,217,"2,1,3,1,2",0
1217,2,218,"4,6,1,0,2",0
1218,2,219,"5,5,4,8,1",0
1219,2,220,"3,5,2,8,4",0
1220,2,221,"5,5,0,1,8",0
1221,2,222,"1,8,3,5,0",0
1222,2,223,"5,0,3,5,3",0
1223,2,224,"2,5,6,8,8",0
1224,2,225,"5,5,4,8,5",0
1225,2,226,"0,5,4,8,2",0
1226,2,227,"4,6,4,0,3",0
1227,2,228,"1,4,3,0,5",0
1228,2,229,"2,4,5,3,4",0
1229,2,230,"8,3,5,5,8",0
1230,2,231,"8,0,8,0,6",0
1231,2,232,"3,8,5,5,0",0
1232,2,233,"8,5,4,0,5",0
1233,2,234,"1,8,6,8,8",0
1234,2,235,"4,4,3,5,5",0
1235,2,236,"1,3,2,5,4",0
1236,2,237,"1,1,6,2,0",0
1237,2,238,"1,1,4,3,2",0
1238,2,239,"2,0,4,1,2",0
1239,2,240,"8,8,2,8,5",0
1240,2,241,"8,8,0,1,1",0
1241,2,242,"0,0,1,0,3",0
1242,2,243,"8,3,5,5,8",0
1243,2,244,"5,5,3,8,4",0
1244,2,245,"5,1,5,2,8",0
1245,2,246,"1,4,3,8,4",0
1246,2,247,"1,5,1,8,6",0
1247,2,248,"0,8,5,8,4",0
1248,2,249,"5,1,4,8,6",0
1249,2,250,"5,1,5,5,5",0
1250,2,251,"1,3,0,5,5",0
1251,2,252,"4,1,5,1,8",0
1252,2,253,"1,4,0,5,0",0
1253,2,254,"1,3,2,3,8",0
1254,2,255,"8,8,6,8,1",0
1255,2,256,"1,8,3,5,0",0
1256,2,257,"5,3,5,3,5",0
1257,2,258,"0,3,5,5,4",0
1258,2,259,"2,5,2,5,4",0
1259,2,260,"6,6,3,1,2",0
1260,2,261,"2,5,0,6,3",0
1261,2,262,"2,8,3,0,6",0
1262,2,263,"1,3,2,8,6",0
1263,2,264,"0,3,2,8,1",0
1264,2,265,"2,8,0,1,2",0
1265,2,266,"2,3,4,5,3",0
1266,2,267,"1,4,2,5,5",0
1267,2,268,"5,5,4,5,4",0
1268,2,269,"2,0,6,1,2",0
1269,2,270,"5,1,5,5,2",0
1270,2,271,"0,6,4,1,2",0
1271,2,272,"5,5,2,8,4",0
1272,2,273,"5,8,4,2,8",0
1273,2,274,"5,0,8,5,5",0
1274,2,275,"1,4,8,2,5",0
1275,2,276,"4,5,2,4,2",0
1276,2,277,"4,5,1,3,3",0
1277,2,278,"0,3,6,0,4",0
1278,2,279,"2,8,1,6,4",0
1279,2,280,"4,5,5,0,1",0
1280,2,281,"5,1,3,3,5",0
1281,2,282,"3,4,5,5,4",0
1282,2,283,"1,5,3,3,4",0
1283,2,284,"5,8,1,0,4",0
1284,2,285,"3,4,0,5,5",0
1285,2,286,"4,6,5,5,1",0
1286,2,287,"4,3,2,5,5",0
1287,2,288,"4,8,6,6,6",0
1288,2,289,"2,1,2,5,2",0
1289,2,290,"0,0,3,5,5",0
1290,2,291,"3,5,5,0,3",0
1291,2,292,"3,3,5,3,6",0
1292,2,293,"0,4,6,0,5",0
1293,2,294,"7,8,2,5,2",-1
1294,2,295,"2,2,3,0,2",0
1295,2,296,"4,1,5,1,0",0
1296,2,297,"2,8,1,3,3",0
1297,2,298,"3,8,2,0,8",0
1298,2,299,"5,3,5,2,1",0
1299,2,300,"0,6,2,8,3",0
1300,2,301,"8,3,3,0,0",0
1301,2,302,"0,6,5,6,8",0
1302,2,303,"1,5,1,5,2",0
1303,2,304,"5,3,6,8,5",0
1304,2,305,"4,0,8,0,8",0
1305,2,306,"2,4,5,5,8",0
1306,2,307,"1,6,5,3,8",0
1307,2,308,"2,1,3,5,4",0
1308,2,309,"6,3,0,8,7",-51
1309,2,310,"3,4,2,5,4",0
1310,2,311,"0,1,5,8,3",0
1311,2,312,"0,4,2,5,4",0
1312,2,313,"0,4,5,5,8",0
1313,2,314,"2,1,2,8,0",0
1314,2,315,"0,5,3,8,5",0
1315,2,316,"1,2,6,5,3",0
1316,2,317,"2,3,0,3,4",0
1317,2,318,"0,8,6,5,5",0
1318,2,319,"1,0,5,5,5",0
1319,2,320,"1,0,2,2,4",0
1320,2,321,"2,6,1,0,6",0
1321,2,322,"5,5,5,2,8",0
1322,2,323,"0,0,3,5,5",0
1323,2,324,"8,0,5,8,3",0
1324,2,325,"5,1,5,6,0",0
1325,2,326,"1,1,4,3,5",0
1326,2,327,"4,2,4,4,5",0
1327,2,328,"3,6,2,8,5",0
1328,2,329,"1,1,4,5,2",0
1329,2,330,"8,5,1,5,1",0
1330,2,331,"4,8,2,8,8",0
1331,2,332,"0,6,5,1,0",0
1332,2,333,"3,5,1,5,6",0
1333,2,334,"8,6,2,5,6",0
1334,2,335,"5,0,0,3,5",0
1335,2,336,"0,0,0,1,5",0
1336,2,337,"6,4,2,6,5",0
1337,2,338,"8,0,1,8,3",0
1338,2,339,"1,3,2,5,1",0
1339,2,340,"4,4,4,8,6",0
1340,2,341,"5,4,0,8,8",0
1341,2,342,"4,4,5,2,5",0
1342,2,343,"2,4,1,5,4",0
1343,2,344,"6,4,8,6,3",0
1344,2,345,"8,8,6,0,5",0
1345,2,346,"4,5,4,5,8",0
1346,2,347,"2,4,8,2,5",0
1347,2,348,"1,3,3,5,5",0
1348,2,349,"2,1,2,5,0",0
1349,2,350,"4,0,1,5,0",0
1350,2,351,"1,6,2,2,4",0
1351,2,352,"4,5,4,8,6",0
1352,2,353,"6,4,1,5,6",0
1353,2,354,"2,6,5,3,5",0
1354,2,355,"4,0,5,0,0",0
1355,2,356,"1,4,6,2,1",0
1356,2,357,"1,8,5,8,5",0
1357,2,358,"4,0,3,3,8",0
1358,2,359,"8,5,6,1,1",0
1359,2,360,"8,5,6,5,4",0
1360,2,361,"0,3,5,0,5",0
1361,2,362,"0,6,8,4,6",0
1362,2,363,"4,8,3,5,6",0
1363,2,364,"4,1,1,8,5",0
1364,2,365,"4,6,2,5,5",0
1365,2,366,"5,3,2,8,5",0
1366,2,367,"2,5,2,0,4",0
1367,2,368,"5,4,5,0,2",0
1368,2,369,"0,6,1,8,4",0
1369,2,370,"1,4,0,3,2",0
1370,2,371,"5,6,5,3,4",0
1371,2,372,"1,6,3,0,5",0
1372,2,373,"0,5,5,3,4",0
1373,2,374,"3,4,3,0,5",0
1374,2,375,"3,3,1,0,5",0
1375,2,376,"2,4,8,5,0",0
1376,2,377,"5,6,5,3,5",0
1377,2,378,"2,1,2,3,6",0
1378,2,379,"4,4,5,5,1",0
1379,2,380,"2,8,5,6,2",0
1380,2,381,"4,3,4,5,2",0
1381,2,382,"4,6,1,8,3",0
1382,2,383,"3,8,5,1,4",0
1383,2,384,"5,1,4,1,1",0
1384,2,385,"1,4,0,0,1",0
1385,2,386,"2,3,5,6,8",0
1386,2,387,"4,1,2,4,5",0
1387,2,388,"2,4,1,0,5",0
1388,2,389,"2,6,3,5,5",0
1389,2,390,"1,0,1,3,8",0
1390,2,391,"8,0,5,8,5",0
1391,2,392,"1,5,5,8,1",0
1392,2,393,"1,8,1,5,4",0
1393,2,394,"1,6,5,2,1",0
1394,2,395,"8,4,3,5,0",0
1395,2,396,"5,7,0,0,8",-51
1396,2,397,"0,6,1,8,6",0
1397,2,398,"5,6,0,2,1",0
1398,2,399,"1,6,5,5,8",0
1399,2,400,"0,4,3,8,0",0
1400,2,401,"8,5,1,8,4",0
1401,2,402,"1,5,4,8,0",0
1402,2,403,"8,2,8,8,3",0
1403,2,404,"8,6,3,5,6",0
1404,2,405,"4,4,2,0,4",0
1405,2,406,"4,2,3,0,8",0
1406,2,407,"1,4,2,0,4",0
1407,2,408,"5,5,4,8,8",0
1408,2,409,"2,1,5,3,4",0
1409,2,410,"3,0,0,6,1",0
1410,2,411,"2,5,2,0,6",0
1411,2,412,"3,4,2,3,5",0
1412,2,413,"2,3,1,5,8",0
1413,2,414,"5,0,5,3,3",0
1414,2,415,"1,8,2,0,5",0
1415,2,416,"4,3,5,5,4",0
1416,2,417,"2,5,0,0,1",0
1417,2,418,"5,8,2,8,0",0
1418,2,419,"1,6,5,3,6",0
1419,2,420,"0,0,3,8,8",0
1420,2,421,"5,5,5,4,5",0
1421,2,422,"5,0,5,8,0",0
1422,2,423,"5,5,0,0,4",0
1423,2,424,"2,1,5,8,3",0
1424,2,425,"3,6,0,5,5",0
1425,2,426,"8,8,2,8,6",0
1426,2,427,"0,2,1,5,3",0
1427,2,428,"1,8,8,0,8",0
1428,2,429,"4,3,6,5,3",0
1429,2,430,"4,6,6,0,5",0
1430,2,431,"5,6,6,2,4",0
1431,2,432,"1,5,2,0,8",0
1432,2,433,"4,6,2,1,4",0
1433,2,434,"6,8,8,0,0",0
1434,2,435,"1,1,6,0,3",0
1435,2,436,"4,6,3,0,0",0
1436,2,437,"3,1,2,5,4",0
1437,2,438,"2,8,5,5,4",0
1438,2,439,"3,0,8,5,5",0
1439,2,440,"3,5,2,5,6",0
1440,2,441,"2,5,8,0,3",0
1441,2,442,"5,8,5,8,1",0
1442,2,443,"4,3,2,2,2",0
1443,2,444,"1,6,2,0,4",0
1444,2,445,"8,3,2,8,0",0
1445,2,446,"2,5,5,1,0",0
1446,2,447,"2,8,5,1,4",0
1447,2,448,"8,5,2,8,5",0
1448,2,449,"3,0,1,5,1",0
1449,2,450,"5,5,5,6,2",0
1450,2,451,"8,8,5,1,5",0
1451,2,452,"6,8,3,5,2",0
1452,2,453,"1,8,5,3,5",0
1453,2,454,"2,5,2,3,5",0
1454,2,455,"2,3,3,3,8",0
1455,2,456,"1,1,5,5,4",0
1456,2,457,"1,0,2,1,4",0
1457,2,458,"8,8,2,5,0",0
1458,2,459,"5,6,8,5,8",0
1459,2,460,"4,5,0,3,4",0
1460,2,461,"5,3,5,8,4",0
1461,2,462,"4,4,0,8,0",0
1462,2,463,"5,3,3,5,5",0
1463,2,464,"0,6,5,8,3",0
1464,2,465,"2,5,6,8,4",0
1465,2,466,"0,6,5,0,6",0
1466,2,467,"2,5,3,7,5",-1
1467,2,468,"1,3,8,5,5",0
1468,2,469,"1,5,6,4,1",0
1469,2,470,"6,2,5,8,6",0
1470,2,471,"0,8,2,0,3",0
1471,2,472,"1,6,1,8,5",0
1472,2,473,"0,6,4,5,6",0
1473,2,474,"6,1,2,5,4",0
1474,2,475,"6,5,8,5,5",0
1475,2,476,"5,5,5,8,8",0
1476,2,477,"0,3,5,0,6",0
1477,2,478,"2,8,6,2,0",0
1478,2,479,"1,6,5,5,2",0
1479,2,480,"6,0,3,3,5",0
1480,2,481,"1,3,0,1,3",0
1481,2,482,"2,1,5,6,5",0
1482,2,483,"4,8,5,0,1",0
1483,2,484,"3,0,1,1,8",0
1484,2,485,"1,4,4,1,0",0
1485,2,486,"1,3,6,8,2",0
1486,2,487,"5,4,0,5,2",0
1487,2,488,"5,1,1,3,8",0
1488,2,489,"2,4,6,8,7",-1
1489,2,490,"1,3,4,0,5",0
1490,2,491,"1,6,2,1,2",0
1491,2,492,"5,3,4,0,5",0
1492,2,493,"5,5,8,3,0",0
1493,2,494,"0,8,1,8,0",0
1494,2,495,"5,5,3,8,5",0
1495,2,496,"5,6,5,0,6",0
1496,2,497,"5,0,2,0,2",0
1497,2,498,"2,4,3,8,8",0
1498,2,499,"3,6,5,8,8",0
1499,2,500,"4,8,0,0,6",0
1500,2,501,"4,1,5,4,1",0
1501,2,502,"8,3,2,3,1",0
1502,2,503,"5,8,5,3,1",0
1503,2,504,"5,5,2,8,5",0
1504,2,505,"4,1,4,4,5",0
1505,2,506,"8,3,5,5,2",0
1506,2,507,"7,5,5,3,8",-1
1507,2,508,"5,1,8,5,5",0
1508,2,509,"1,1,3,2,4",0
1509,2,510,"2,0,5,8,8",0
1510,2,511,"6,4,5,5,4",0
1511,2,512,"4,3,8,1,8",0
1512,2,513,"6,4,5,0,1",0
1513,2,514,"8,6,4,1,1",0
1514,2,515,"5,2,5,4,5",0
1515,2,516,"2,0,8,8,8",0
1516,2,517,"6,0,3,3,4",0
1517,2,518,"2,5,1,6,4",0
1518,2,519,"8,6,4,8,4",0
1519,2,520,"1,6,3,2,3",0
1520,2,521,"0,5,3,5,2",0
1521,2,522,"0,8,4,0,6",0
1522,2,523,"2,5,5,6,8",0
1523,2,524,"4,6,6,5,4",0
1524,2,525,"8,0,4,2,4",0
1525,2,526,"8,8,1,3,4",0
1526,2,527,"4,5,1,5,6",0
1527,2,528,"3,5,5,5,5",0
1528,2,529,"4,3,2,4,6",0
1529,2,530,"7,5,1,6,3",-1
1530,2,531,"0,8,4,3,2",0
1531,2,532,"1,6,5,6,2",0
1532,2,533,"6,5,1,4,2",0
1533,2,534,"4,2,0,5,5",0
1534,2,535,"8,6,2,8,5",0
1535,2,536,"3,2,1,3,8",0
1536,2,537,"5,0,0,8,2",0
1537,2,538,"8,8,0,5,4",0
1538,2,539,"1,8,0,1,5",0
1539,2,540,"2,5,5,0,4",0
1540,2,541,"2,1,0,3,0",0
1541,2,542,"0,1,5,3,5",0
1542,2,543,"1,8,0,3,8",0
1543,2,544,"0,8,3,8,0",0
1544,2,545,"2,1,2,5,5",0
1545,2,546,"2,5,3,6,2",0
1546,2,547,"0,6,1,8,0",0
1547,2,548,"3,8,3,6,5",0
1548,2,549,"0,3,4,2,5",0
1549,2,550,"1,6,3,6,5",0
1550,2,551,"5,7,5,8,5",-51
1551,2,552,"8,6,2,8,4",0
1552,2,553,"2,3,8,8,6",0
1553,2,554,"2,3,6,3,4",0
1554,2,555,"2,6,0,8,4",0
1555,2,556,"0,4,5,3,2",0
1556,2,557,"5,5,3,3,6",0
1557,2,558,"5,6,5,6,2",0
1558,2,559,"2,8,3,0,4",0
1559,2,560,"2,3,5,3,4",0
1560,2,561,"2,6,3,0,6",0
1561,2,562,"6,2,3,8,4",0
1562,2,563,"5,6,6,3,5",0
1563,2,564,"5,8,3,5,2",0
1564,2,565,"2,4,1,4,2",0
1565,2,566,"4,6,2,3,8",0
1566,2,567,"5,5,3,3,6",0
1567,2,568,"1,0,8,5,4",0
1568,2,569,"5,5,5,0,1",0
1569,2,570,"8,2,8,0,0",0
1570,2,571,"2,2,5,4,2",0
1571,2,572,"1,4,3,6,8",0
1572,2,573,"4,6,5,5,8",0
1573,2,574,"4,6,1,0,5",0
1574,2,575,"4,1,3,3,1",0
1575,2,576,"8,6,5,8,0",0
1576,2,577,"2,3,8,0,5",0
1577,2,578,"3,5,3,0,1",0
1578,2,579,"1,1,5,6,5",0
1579,2,580,"6,5,3,0,4",0
1580,2,581,"1,8,3,2,6",0
1581,2,582,"6,3,2,1,6",0
1582,2,583,"1,6,2,8,1",0
1583,2,584,"5,4,2,5,8",0
1584,2,585,"2,5,2,5,8",0
1585,2,586,"5,2,4,5,0",0
1586,2,587,"1,6,4,4,4",0
1587,2,588,"5,2,4,8,0",0
1588,2,589,"5,2,4,4,5",0
1589,2,590,"5,5,5,5,0",0
1590,2,591,"3,5,1,0,1",0
1591,2,592,"6,5,5,1,6",0
1592,2,593,"3,6,2,8,2",0
1593,2,594,"1,8,2,1,1",0
1594,2,595,"0,3,4,5,4",0
1595,2,596,"6,5,2,8,5",0
1596,2,597,"2,6,3,0,5",0
1597,2,598,"4,4,5,2,1",0
1598,2,599,"1,4,2,0,5",0
1599,2,600,"3,6,1,3,1",0
1600,2,601,"4,0,1,8,4",0
1601,2,602,"4,5,2,2,8",0
1602,2,603,"1,6,2,8,3",0
1603,2,604,"4,2,1,5,3",0
1604,2,605,"5,3,5,0,0",0
1605,2,606,"2,2,3,8,6",0
1606,2,607,"0,2,5,8,5",0
1607,2,608,"2,4,3,8,8",0
1608,2,609,"5,4,4,5,5",0
1609,2,610,"0,2,3,3,4",0
1610,2,611,"0,2,3,0,6",0
1611,2,612,"5,3,1,8,4",0
1612,2,613,"4,3,0,8,5",0
1613,2,614,"0,0,5,0,4",0
1614,2,615,"8,3,1,1,5",0
1615,2,616,"4,1,2,5,4",0
1616,2,617,"1,6,2,4,1",0
1617,2,618,"4,8,2,8,5",0
1618,2,619,"5,4,1,6,4",0
1619,2,620,"0,8,2,0,4",0
1620,2,621,"8,8,4,0,6",0
1621,2,622,"8,4,6,3,5",0
1622,2,623,"1,3,1,0,1",0
1623,2,624,"0,5,8,3,4",0
1624,2,625,"3,1,5,6,5",0
1625,2,626,"8,8,8,5,4",0
1626,2,627,"1,1,4,0,8",0
1627,2,628,"4,1,4,6,2",0
1628,2,629,"5,6,1,5,4",0
1629,2,630,"4,2,8,0,5",0
1630,2,631,"4,0,6,1,5",0
1631,2,632,"2,6,5,5,0",0
1632,2,633,"2,0,4,8,4",0
1633,2,634,"1,4,5,4,4",0
1634,2,635,"1,5,2,4,8",0
1635,2,636,"2,1,2,8,4",0
1636,2,637,"3,0,3,0,5",0
1637,2,638,"5,4,5,0,5",0
1638,2,639,"5,8,3,5,4",0
1639,2,640,"2,1,3,0,4",0
1640,2,641,"8,3,5,3,5",0
1641,2,642,"6,3,2,1,2",0
1642,2,643,"2,0,3,3,4",0
1643,2,644,"8,3,5,3,0",0
1644,2,645,"2,8,5,3,3",0
1645,2,646,"1,5,5,5,5",0
1646,2,647,"3,3,5,2,4",0
1647,2,648,"2,3,1,4,3",0
1648,2,649,"2,6,5,5,5",0
1649,2,650,"0,6,5,8,4",0
1650,2,651,"8,3,6,5,5",0
1651,2,652,"4,6,5,6,4",0
1652,2,653,"4,6,2,8,0",0
1653,2,654,"0,1,5,2,2",0
1654,2,655,"4,5,1,6,6",0
1655,2,656,"2,3,5,8,8",0
1656,2,657,"1,6,3,3,4",0
1657,2,658,"0,6,5,3,0",0
1658,2,659,"2,5,2,6,3",0
1659,2,660,"1,3,8,8,6",0
1660,2,661,"2,5,4,3,8",0
1661,2,662,"3,5,5,0,3",0
1662,2,663,"3,8,2,0,0",0
1663,2,664,"5,3,4,5,8",0
1664,2,665,"8,5,2,0,8",0
1665,2,666,"3,1,2,8,4",0
1666,2,667,"1,6,5,0,2",0
1667,2,668,"8,0,5,8,8",0
1668,2,669,"5,8,0,8,6",0
1669,2,670,"4,5,1,4,2",0
1670,2,671,"0,1,8,8,2",0
1671,2,672,"5,8,8,8,3",0
1672,2,673,"2,1,5,5,8",0
1673,2,674,"1,4,5,6,1",0
1674,2,675,"3,6,6,5,5",0
1675,2,676,"0,4,5,5,8",0
1676,2,677,"5,5,4,6,5",0
1677,2,678,"3,8,4,6,0",0
1678,2,679,"1,2,0,0,4",0
1679,2,680,"3,3,4,3,8",0
1680,2,681,"3,3,4,3,1",0
1681,2,682,"0,3,5,0,5",0
1682,2,683,"2,0,2,0,1",0
1683,2,684,"5,6,4,5,3",0
1684,2,685,"4,2,3,5,3",0
1685,2,686,"2,6,2,5,5",0
1686,2,687,"1,1,5,2,5",0
1687,2,688,"5,3,0,8,8",0
1688,2,689,"1,5,4,3,5",0
1689,2,690,"2,4,2,5,0",0
1690,2,691,"5,8,3,8,8",0
1691,2,692,"2,6,5,3,6",0
1692,2,693,"5,5,2,1,5",0
1693,2,694,"2,3,4,5,0",0
1694,2,695,"0,4,4,5,5",0
1695,2,696,"8,6,3,5,2",0
1696,2,697,"4,8,1,6,0",0
1697,2,698,"3,4,2,1,5",0
1698,2,699,"8,4,0,5,4",0
1699,2,700,"8,5,0,2,4",0
1700,2,701,"2,3,5,3,4",0
1701,2,702,"0,1,1,0,4",0
1702,2,703,"5,4,1,5,8",0
1703,2,704,"3,5,4,8,3",0
1704,2,705,"6,8,1,1,3",0
1705,2,706,"8,8,3,3,8",0
1706,2,707,"2,1,5,6,4",0
1707,2,708,"0,5,5,2,3",0
1708,2,709,"0,3,6,5,5",0
1709,2,710,"5,2,3,3,5",0
1710,2,711,"3,8,3,6,4",0
1711,2,712,"3,4,5,8,8",0
1712,2,713,"2,5,5,8,5",0
1713,2,714,"2,8,3,5,6",0
1714,2,715,"2,5,5,5,5",0
1715,2,716,"1,3,8,1,5",0
1716,2,717,"4,5,3,3,2",0
1717,2,718,"3,3,2,6,4",0
1718,2,719,"4,8,0,5,5",0
1719,2,720,"2,3,3,6,5",0
1720,2,721,"8,6,2,3,6",0
1721,2,722,"5,8,1,5,0",0
1722,2,723,"4,5,3,5,2",0
1723,2,724,"8,0,2,8,5",0
1724,2,725,"1,4,5,8,5",0
1725,2,726,"2,2,0,5,4",0
1726,2,727,"4,8,2,8,0",0
1727,2,728,"2,5,1,0,4",0
1728,2,729,"4,5,8,0,6",0
1729,2,730,"3,8,5,2,0",0
1730,2,731,"0,2,2,8,5",0
1731,2,732,"5,3,3,2,4",0
1732,2,733,"1,2,2,3,3",0
1733,2,734,"3,2,1,3,4",0
1734,2,735,"5,5,0,4,4",0
1735,2,736,"6,5,8,8,4",0
1736,2,737,"1,6,2,5,2",0
1737,2,738,"5,1,3,0,0",0
1738,2,739,"4,5,8,8,8",0
1739,2,740,"5,5,4,5,2",0
1740,2,741,"3,5,2,3,0",0
1741,2,742,"8,8,6,3,5",0
1742,2,743,"1,8,1,0,0",0
1743,2,744,"8,6,0,8,1",0
1744,2,745,"4,6,4,4,2",0
1745,2,746,"1,1,1,1,0",0
1746,2,747,"6,4,2,3,4",0
1747,2,748,"8,8,8,2,4",0
1748,2,749,"4,5,3,5,1",0
1749,2,750,"1,1,2,8,5",0
1750,2,751,"1,2,2,5,4",0
1751,2,752,"8,8,0,0,0",0
1752,2,753,"5,1,2,8,5",0
1753,2,754,"2,8,5,5,2",0
1754,2,755,"8,3,4,8,1",0
1755,2,756,"3,4,0,5,5",0
1756,2,757,"8,5,3,0,2",0
1757,2,758,"4,7,8,3,8",-1
1758,2,759,"8,6,2,8,5",0
1759,2,760,"4,6,4,4,4",0
1760,2,761,"0,4,1,4,8",0
1761,2,762,"5,8,2,8,1",0
1762,2,763,"4,3,1,8,5",0
1763,2,764,"1,1,5,3,6",0
1764,2,765,"1,4,8,8,6",0
1765,2,766,"0,4,5,5,4",0
1766,2,767,"0,0,5,5,0",0
1767,2,768,"4,8,3,5,5",0
1768,2,769,"2,8,0,0,8",0
1769,2,770,"3,8,1,4,1",0
1770,2,771,"0,6,4,6,8",0
1771,2,772,"1,3,7,1,1",-51
1772,2,773,"3,1,5,8,5",0
1773,2,774,"5,6,2,5,4",0
1774,2,775,"2,6,4,3,6",0
1775,2,776,"1,6,4,0,2",0
1776,2,777,"2,6,5,8,5",0
1777,2,778,"8,3,8,8,4",0
1778,2,779,"4,3,2,5,3",0
1779,2,780,"2,3,3,1,4",0
1780,2,781,"2,4,0,8,0",0
1781,2,782,"0,3,3,8,5",0
1782,2,783,"2,5,5,0,8",0
1783,2,784,"0,3,0,8,6",0
1784,2,785,"3,8,4,2,2",0
1785,2,786,"2,8,1,8,8",0
1786,2,787,"4,8,2,8,1",0
1787,2,788,"4,8,1,5,6",0
1788,2,789,"1,1,3,5,8",0
1789,2,790,"3,5,2,3,4",0
1790,2,791,"5,1,1,5,5",0
1791,2,792,"2,4,0,8,0",0
1792,2,793,"8,4,3,3,6",0
1793,2,794,"4,0,2,5,0",0
1794,2,795,"1,5,5,3,0",0
1795,2,796,"1,3,1,3,2",0
1796,2,797,"1,3,3,3,5",0
1797,2,798,"0,3,4,5,3",0
1798,2,799,"4,1,3,2,1",0
1799,2,800,"3,5,5,3,5",0
1800,2,801,"1,1,5,8,4",0
1801,2,802,"3,5,3,0,4",0
1802,2,803,"1,1,5,5,1",0
1803,2,804,"6,0,2,2,1",0
1804,2,805,"1,8,5,5,0",0
1805,2,806,"8,6,5,0,5",0
1806,2,807,"5,5,3,5,6",0
1807,2,808,"8,8,5,8,0",0
1808,2,809,"2,8,3,5,0",0
1809,2,810,"1,4,2,5,5",0
1810,2,811,"3,6,1,3,1",0
1811,2,812,"2,4,3,5,6",0
1812,2,813,"5,5,2,5,5",0
1813,2,814,"2,5,3,6,1",0
1814,2,815,"5,6,5,0,8",0
1815,2,816,"1,4,5,0,6",0
1816,2,817,"5,6,4,1,5",0
1817,2,818,"4,0,6,0,3",0
1818,2,819,"3,0,5,5,2",0
1819,2,820,"1,5,5,5,4",0
1820,2,821,"8,5,0,5,2",0
1821,2,822,"0,4,2,3,8",0
1822,2,823,"2,0,3,0,0",0
1823,2,824,"5,4,5,4,3",0
1824,2,825,"6,6,0,0,5",0
1825,2,826,"5,8,2,5,7",-1
1826,2,827,"5,6,2,8,4",0
1827,2,828,"1,5,0,8,1",0
1828,2,829,"2,8,5,6,6",0
1829,2,830,"0,8,5,6,1",0
1830,2,831,"1,0,2,5,5",0
1831,2,832,"2,5,4,5,8",0
1832,2,833,"6,4,4,5,5",0
1833,2,834,"0,4,5,1,1",0
1834,2,835,"8,3,5,8,1",0
1835,2,836,"6,1,3,6,5",0
1836,2,837,"3,0,8,4,2",0
1837,2,838,"1,5,3,0,8",0
1838,2,839,"5,2,2,6,5",0
1839,2,840,"5,6,5,6,0",0
1840,2,841,"5,3,2,8,2",0
1841,2,842,"4,4,5,1,5",0
1842,2,843,"5,3,6,3,5",0
1843,2,844,"8,5,0,5,5",0
1844,2,845,"2,1,2,3,1",0
1845,2,846,"4,8,6,5,3",0
1846,2,847,"5,8,5,8,4",0
1847,2,848,"4,8,3,1,5",0
1848,2,849,"5,8,3,8,0",0
1849,2,850,"2,4,5,6,8",0
1850,2,851,"1,5,8,0,6",0
1851,2,852,"5,8,4,6,5",0
1852,2,853,"8,3,1,3,4",0
1853,2,854,"5,6,4,8,0",0
1854,2,855,"2,3,3,0,5",0
1855,2,856,"2,5,5,0,8",0
1856,2,857,"2,5,1,5,3",0
1857,2,858,"0,2,5,3,3",0
1858,2,859,"5,6,1,8,1",0
1859,2,860,"1,6,2,5,5",0
1860,2,861,"8,6,0,5,2",0
1861,2,862,"6,6,2,5,3",0
1862,2,863,"2,3,2,5,8",0
1863,2,864,"5,6,3,3,4",0
1864,2,865,"2,8,1,8,5",0
1865,2,866,"4,3,4,0,5",0
1866,2,867,"4,4,2,3,4",0
1867,2,868,"6,4,5,8,8",0
1868,2,869,"7,6,3,8,5",-1
1869,2,870,"1,8,2,6,3",0
1870,2,871,"5,8,2,8,0",0
1871,2,872,"4,3,6,5,2",0
1872,2,873,"6,0,5,5,4",0
1873,2,874,"1,6,8,0,8",0
1874,2,875,"4,5,5,3,6",0
1875,2,876,"8,5,0,8,1",0
1876,2,877,"2,3,3,5,8",0
1877,2,878,"5,0,3,5,0",0
1878,2,879,"0,0,4,8,5",0
1879,2,880,"3,6,3,3,5",0
1880,2,881,"5,8,1,0,3",0
1881,2,882,"1,2,2,6,3",0
1882,2,883,"2,3,2,5,6",0
1883,2,884,"0,0,5,8,5",0
1884,2,885,"8,8,5,1,6",0
1885,2,886,"3,4,6,3,0",0
1886,2,887,"1,6,6,2,1",0
1887,2,888,"5,6,5,3,0",0
1888,2,889,"8,3,6,3,5",0
1889,2,890,"5,5,5,8,2",0
1890,2,891,"2,8,0,8,4",0
1891,2,892,"4,3,5,5,5",0
1892,2,893,"3,6,2,3,5",0
1893,2,894,"5,3,1,0,5",0
1894,2,895,"1,4,1,8,4",0
1895,2,896,"2,2,5,5,8",0
1896,2,897,"5,4,5,5,4",0
1897,2,898,"1,8,4,0,1",0
1898,2,899,"8,2,5,3,4",0
1899,2,900,"0,1,5,8,3",0
1900,2,901,"6,5,4,0,8",0
1901,2,902,"1,1,8,6,4",0
1902,2,903,"4,1,3,5,8",0
1903,2,904,"0,1,3,6,5",0
1904,2,905,"1,8,3,5,0",0
1905,2,906,"8,6,3,0,5",0
1906,2,907,"3,6,5,0,4",0
1907,2,908,"2,1,1,5,6",0
1908,2,909,"5,3,7,8,4",-1
1909,2,910,"5,4,3,5,3",0
1910,2,911,"5,4,5,8,2",0
1911,2,912,"0,6,2,0,8",0
1912,2,913,"8,6,4,8,6",0
1913,2,914,"4,4,3,5,1",0
1914,2,915,"3,1,5,0,1",0
1915,2,916,"1,5,3,5,5",0
1916,2,917,"1,3,3,3,0",0
1917,2,918,"5,1,0,8,2",0
1918,2,919,"0,5,4,0,6",0
1919,2,920,"8,1,2,2,3",0
1920,2,921,"1,8,3,3,5",0
1921,2,922,"2,5,5,0,4",0
1922,2,923,"8,8,8,0,3",0
1923,2,924,"4,3,5,5,1",0
1924,2,925,"6,0,1,2,0",0
1925,2,926,"6,3,1,5,6",0
1926,2,927,"2,4,2,1,1",0
1927,2,928,"8,1,6,3,1",0
1928,2,929,"6,6,3,3,2",0
1929,2,930,"2,5,5,8,6",0
1930,2,931,"1,8,5,8,4",0
1931,2,932,"2,1,6,8,4",0
1932,2,933,"1,5,2,0,1",0
1933,2,934,"6,8,2,3,3",0
1934,2,935,"6,1,3,5,6",0
1935,2,936,"4,4,4,8,6",0
1936,2,937,"5,3,5,5,8",0
1937,2,938,"3,0,0,2,3",0
1938,2,939,"4,5,5,6,2",0
1939,2,940,"4,3,5,5,1",0
1940,2,941,"2,3,5,0,6",0
1941,2,942,"6,0,2,3,1",0
1942,2,943,"2,0,2,6,8",0
1943,2,944,"5,6,6,3,8",0
1944,2,945,"8,5,3,5,0",0
1945,2,946,"4,1,4,0,5",0
1946,2,947,"0,8,4,8,5",0
1947,2,948,"1,8,1,8,6",0
1948,2,949,"1,1,0,1,2",0
1949,2,950,"1,7,2,5,6",-1
1950,2,951,"4,6,1,8,5",0
1951,2,952,"2,1,5,8,8",0
1952,2,953,"2,4,3,0,4",0
1953,2,954,"4,1,0,6,6",0
1954,2,955,"2,1,5,0,2",0
1955,2,956,"0,5,1,0,3",0
1956,2,957,"2,5,5,3,8",0
1957,2,958,"3,1,4,3,8",0
1958,2,959,"4,3,0,1,8",0
1959,2,960,"2,0,5,8,0",0
1960,2,961,"5,4,3,8,5",0
1961,2,962,"4,4,6,1,4",0
1962,2,963,"8,6,4,8,3",0
1963,2,964,"2,2,0,2,8",0
1964,2,965,"5,5,1,0,1",0
1965,2,966,"1,8,4,5,5",0
1966,2,967,"0,3,1,6,1",0
1967,2,968,"5,8,0,0,6",0
1968,2,969,"1,0,3,3,0",0
1969,2,970,"2,8,5,6,1",0
1970,2,971,"1,5,3,0,5",0
1971,2,972,"5,2,3,3,4",0
1972,2,973,"3,3,8,1,4",0
1973,2,974,"4,5,0,5,4",0
1974,2,975,"0,3,5,0,2",0
1975,2,976,"0,4,4,5,3",0
1976,2,977,"5,6,5,5,0",0
1977,2,978,"2,8,0,5,0",0
1978,2,979,"5,5,2,5,5",0
1979,2,980,"1,6,0,5,1",0
1980,2,981,"1,8,6,5,8",0
1981,2,982,"2,6,3,8,4",0
1982,2,983,"1,4,5,8,0",0
1983,2,984,"8,5,6,3,8",0
1984,2,985,"0,5,0,4,1",0
1985,2,986,"5,4,2,1,5",0
1986,2,987,"3,2,1,5,5",0
1987,2,988,"5,0,1,5,3",1
1988,2,989,"2,2,2,0,3",0
1989,2,990,"5,5,5,2,2",0
1990,2,991,"2,4,6,5,2",0
1991,2,992,"2,5,8,5,2",0
1992,2,993,"5,5,4,0,8",0
1993,2,994,"5,5,3,5,5",0
1994,2,995,"3,8,8,4,2",0
1995,2,996,"1,3,2,8,6",0
1996,2,997,"1,1,5,8,6",0
1997,2,998,"2,2,0,8,3",0
1998,2,999,"1,0,4,4,0",0
1999,2,1000,"1,1,2,6,8",0
2000,3,1,"4,8,4,0,1",0
2001,3,2,"6,8,5,3,6",0
2002,3,3,"1,4,4,2,1",0
2003,3,4,"5,4,5,8,6",0
2004,3,5,"2,8,0,1,3",0
2005,3,6,"5,1,3,3,0",0
2006,3,7,"6,7,8,6,0",-1
2007,3,8,"5,3,5,3,1",0
2008,3,9,"1,3,6,6,3",0
2009,3,10,"3,4,5,0,0",0
2010,3,11,"8,5,4,8,0",0
2011,3,12,"4,0,4,0,1",0
2012,3,13,"1,5,5,3,4",0
2013,3,14,"5,1,4,8,3",0
2014,3,15,"1,3,2,0,8",0
2015,3,16,"0,6,5,2,0",0
2016,3,17,"5,4,2,1,5",0
2017,3,18,"1,5,5,8,4",0
2018,3,19,"5,6,2,3,4",0
2019,3,20,"8,8,4,2,6",0
2020,3,21,"2,4,1,3,1",0
2021,3,22,"2,1,2,4,5",0
2022,3,23,"1,5,3,5,6",0
2023,3,24,"0,3,5,2,8",0
2024,3,25,"2,4,5,3,4",0
2025,3,26,"3,8,5,5,5",0
2026,3,27,"4,0,3,5,5",0
2027,3,28,"1,4,1,1,6",0
2028,3,29,"6,1,5,5,1",0
2029,3,30,"4,6,5,5,4",0
2030,3,31,"5,4,5,5,5",0
2031,3,32,"0,5,5,2,1",0
2032,3,33,"5,1,8,0,5",0
2033,3,34,"1,5,1,5,6",0
2034,3,35,"3,8,2,5,2",0
2035,3,36,"5,1,2,0,3",0
2036,3,37,"8,8,5,5,3",0
2037,3,38,"2,6,4,1,5",0
2038,3,39,"5,8,2,3,5",0
2039,3,40,"8,5,6,1,5",0
2040,3,41,"5,8,1,4,5",0
2041,3,42,"4,0,0,2,2",0
2042,3,43,"1,1,2,3,1",0
2043,3,44,"5,6,1,5,5",0
2044,3,45,"4,8,8,8,8",0
2045,3,46,"1,0,2,8,4",0
2046,3,47,"1,5,3,8,5",0
2047,3,48,"3,0,2,5,4",0
2048,3,49,"6,5,3,0,6",0
2049,3,50,"2,3,6,8,5",0
2050,3,51,"1,5,8,5,4",0
2051,3,52,"0,2,5,3,0",0
2052,3,53,"2,5,5,5,8",0
2053,3,54,"3,2,4,1,3",0
2054,3,55,"1,6,2,2,4",0
2055,3,56,"5,6,1,0,0",0
2056,3,57,"5,8,3,3,4",0
2057,3,58,"3,8,5,2,8",0
2058,3,59,"4,5,8,5,6",0
2059,3,60,"0,3,2,5,8",0
2060,3,61,"2,6,4,8,4",0
2061,3,62,"1,3,5,5,2",0
2062,3,63,"1,0,0,5,5",0
2063,3,64,"3,5,1,0,5",0
2064,3,65,"2,0,1,3,5",0
2065,3,66,"4,0,1,3,0",0
2066,3,67,"4,8,5,5,8",0
2067,3,68,"0,5,2,2,4",0
2068,3,69,"1,5,1,5,8",0
2069,3,70,"4,8,4,5,4",0
2070,3,71,"5,3,3,5,5",0
2071,3,72,"2,3,5,8,2",0
2072,3,73,"2,1,0,0,6",0
2073,3,74,"0,5,1,1,4",0
2074,3,75,"2,1,1,3,4",0
2075,3,76,"4,3,5,0,2",0
2076,3,77,"1,5,4,5,6",0
2077,3,78,"0,6,2,5,5",0
2078,3,79,"5,5,6,8,5",0
2079,3,80,"3,8,4,5,8",0
2080,3,81,"2,6,2,3,4",0
2081,3,82,"1,1,0,8,5",0
2082,3,83,"2,5,2,5,5",0
2083,3,84,"2,2,3,8,8",0
2084,3,85,"2,6,4,5,6",0
2085,3,86,"2,5,2,2,3",0
2086,3,87,"0,0,8,5,8",0
2087,3,88,"4,8,2,3,8",0
2088,3,89,"1,5,6,0,5",0
2089,3,90,"2,3,5,8,5",0
2090,3,91,"2,8,5,0,1",0
2091,3,92,"1,5,1,6,6",0
2092,3,93,"4,6,2,8,2",0
2093,3,94,"4,1,2,0,4",0
2094,3,95,"4,5,5,0,5",0
2095,3,96,"5,5,4,8,6",0
2096,3,97,"2,5,2,0,4",0
2097,3,98,"1,4,5,8,2",0
2098,3,99,"0,3,1,0,2",0
2099,3,100,"1,3,6,8,5",0
2100,3,101,"8,6,0,5,5",0
2101,3,102,"0,0,3,3,8",0
2102,3,103,"2,6,3,0,2",0
2103,3,104,"1,5,2,1,6",0
2104,3,105,"7,4,6,6,5",-1
2105,3,106,"1,0,5,3,1",0
2106,3,107,"5,5,2,3,0",0
2107,3,108,"5,4,8,3,5",0
2108,3,109,"6,6,6,0,0",0
2109,3,110,"1,0,2,5,4",0
2110,3,111,"5,6,1,6,4",0
2111,3,112,"4,5,6,5,5",0
2112,3,113,"1,8,5,5,1",0
2113,3,114,"2,5,1,0,2",0
2114,3,115,"2,3,3,1,5",0
2115,3,116,"3,4,0,8,6",0
2116,3,117,"1,1,8,8,4",0
2117,3,118,"2,6,2,8,5",0
2118,3,119,"1,6,2,5,3",0
2119,3,120,"1,8,4,0,1",0
2120,3,121,"4,8,3,3,4",0
2121,3,122,"8,4,3,5,1",0
2122,3,123,"1,5,0,6,3",0
2123,3,124,"1,0,2,5,4",0
2124,3,125,"3,7,2,6,5",-1
2125,3,126,"1,4,0,5,5",0
2126,3,127,"8,8,3,0,5",0
2127,3,128,"1,8,5,5,7",-1
2128,3,129,"1,6,8,5,1",0
2129,3,130,"5,8,5,3,8",0
2130,3,131,"2,5,0,3,8",0
2131,3,132,"5,5,6,6,0",0
2132,3,133,"6,2,5,8,6",0
2133,3,134,"6,8,5,0,5",0
2134,3,135,"5,1,3,8,2",0
2135,3,136,"3,5,2,8,6",0
2136,3,137,"3,3,5,8,0",0
2137,3,138,"2,8,4,5,5",0
2138,3,139,"8,6,1,3,3",0
2139,3,140,"3,5,4,5,8",0
2140,3,141,"2,4,5,8,5",0
2141,3,142,"4,4,5,3,3",0
2142,3,143,"8,1,2,5,5",0
2143,3,144,"2,3,5,3,0",0
2144,3,145,"2,3,8,4,5",0
2145,3,146,"8,3,5,0,4",0
2146,3,147,"6,2,4,1,4",0
2147,3,148,"8,8,2,5,1",0
2148,3,149,"0,0,2,1,0",0
2149,3,150,"6,8,5,3,4",0
2150,3,151,"4,3,2,6,4",0
2151,3,152,"1,6,5,5,0",0
2152,3,153,"8,2,2,2,3",0
2153,3,154,"8,4,2,1,8",0
2154,3,155,"6,6,3,6,3",0
2155,3,156,"8,3,5,5,2",0
2156,3,157,"1,2,5,3,2",0
2157,3,158,"4,1,1,0,4",0
2158,3,159,"0,0,5,8,4",0
2159,3,160,"3,5,6,8,2",0
2160,3,161,"4,5,5,0,8",0
2161,3,162,"1,2,2,0,3",0
2162,3,163,"2,6,5,5,8",0
2163,3,164,"8,3,2,1,6",0
2164,3,165,"1,5,2,2,8",0
2165,3,166,"1,5,0,8,2",0
2166,3,167,"4,8,5,5,5",0
2167,3,168,"5,5,5,5,4",0
2168,3,169,"2,5,4,2,1",0
2169,3,170,"6,5,5,6,1",0
2170,3,171,"3,4,5,5,1",0
2171,3,172,"2,8,4,5,1",0
2172,3,173,"1,5,4,2,5",0
2173,3,174,"3,6,3,8,1",0
2174,3,175,"1,6,6,8,0",0
2175,3,176,"1,6,0,0,5",0
2176,3,177,"4,6,1,5,4",0
2177,3,178,"3,5,2,8,5",0
2178,3,179,"8,8,2,8,3",0
2179,3,180,"8,8,2,8,1",0
2180,3,181,"5,6,3,8,8",0
2181,3,182,"5,6,8,5,1",0
2182,3,183,"0,5,2,5,6",0
2183,3,184,"2,3,2,5,1",0
2184,3,185,"2,4,8,6,0",0
2185,3,186,"3,5,5,5,5",0
2186,3,187,"5,8,3,5,5",0
2187,3,188,"2,4,6,3,0",0
2188,3,189,"3,3,5,3,6",0
2189,3,190,"4,7,5,3,8",-1
2190,3,191,"2,4,5,0,4",0
2191,3,192,"2,6,4,3,0",0
2192,3,193,"1,6,8,6,6",0
2193,3,194,"2,1,2,3,2",0
2194,3,195,"6,1,1,3,6",0
2195,3,196,"2,6,5,5,5",0
2196,3,197,"0,5,2,5,5",0
2197,3,198,"3,1,5,8,6",0
2198,3,199,"2,6,5,5,0",0
2199,3,200,"3,5,3,8,4",0
2200,3,201,"0,1,5,8,5",0
2201,3,202,"4,1,5,3,5",0
2202,3,203,"1,5,5,5,2",0
2203,3,204,"0,8,4,6,4",0
2204,3,205,"8,8,5,8,6",0
2205,3,206,"4,8,8,3,1",0
2206,3,207,"1,6,0,2,6",0
2207,3,208,"6,6,3,1,5",0
2208,3,209,"2,0,3,0,3",0
2209,3,210,"5,8,4,5,4",0
2210,3,211,"6,3,4,5,5",0
2211,3,212,"4,5,8,5,8",0
2212,3,213,"0,4,2,3,1",0
2213,3,214,"5,8,5,1,6",0
2214,3,215,"2,2,2,5,0",0
2215,3,216,"2,8,1,5,4",0
2216,3,217,"2,8,3,1,2",0
2217,3,218,"5,5,1,8,0",0
2218,3,219,"5,5,5,3,5",0
2219,3,220,"8,4,4,5,5",0
2220,3,221,"2,4,7,5,6",-51
2221,3,222,"2,8,2,4,4",0
2222,3,223,"5,6,6,5,6",0
2223,3,224,"2,6,5,3,4",0
2224,3,225,"2,0,6,3,6",0
2225,3,226,"3,4,4,8,5",0
2226,3,227,"1,0,1,1,5",0
2227,3,228,"1,4,3,0,2",0
2228,3,229,"4,1,5,0,6",0
2229,3,230,"2,3,5,8,7",-1
2230,3,231,"2,5,3,6,0",0
2231,3,232,"1,5,3,8,6",0
2232,3,233,"0,8,5,5,5",0
2233,3,234,"1,1,3,5,3",0
2234,3,235,"5,5,3,5,3",0
2235,3,236,"3,1,3,0,1",0
2236,3,237,"5,6,5,5,0",0
2237,3,238,"4,4,5,0,4",0
2238,3,239,"3,8,4,5,5",0
2239,3,240,"2,5,2,1,8",0
2240,3,241,"1,8,4,5,5",0
2241,3,242,"2,4,1,2,2",0
2242,3,243,"8,5,2,5,3",0
2243,3,244,"2,2,6,8,4",0
2244,3,245,"4,8,3,4,4",0
2245,3,246,"2,5,5,8,5",0
2246,3,247,"5,8,5,4,2",0
2247,3,248,"5,3,1,8,6",0
2248,3,249,"2,8,2,2,1",0
2249,3,250,"2,1,1,6,4",0
2250,3,251,"5,8,8,1,0",0
2251,3,252,"5,2,1,8,6",0
2252,3,253,"3,5,3,1,8",0
2253,3,254,"5,3,4,2,5",0
2254,3,255,"2,5,3,3,5",0
2255,3,256,"5,4,0,5,5",0
2256,3,257,"5,5,6,5,4",0
2257,3,258,"1,3,3,8,4",0
2258,3,259,"3,5,0,3,0",0
2259,3,260,"1,1,0,5,8",0
2260,3,261,"4,3,4,5,5",0
2261,3,262,"2,1,5,3,0",0
2262,3,263,"4,5,6,5,5",0
2263,3,264,"2,5,4,1,4",0
2264,3,265,"4,8,5,5,5",0
2265,3,266,"1,6,5,3,1",0
2266,3,267,"2,4,1,5,6",0
2267,3,268,"2,4,5,8,4",0
2268,3,269,"3,6,5,8,5",0
2269,3,270,"4,6,8,0,6",0
2270,3,271,"3,8,8,3,2",0
2271,3,272,"1,5,4,0,4",0
2272,3,273,"5,5,5,5,5",0
2273,3,274,"1,1,2,3,8",0
2274,3,275,"2,5,5,0,6",0
2275,3,276,"1,5,5,3,5",0
2276,3,277,"5,8,4,5,6",0
2277,3,278,"0,3,1,0,4",0
2278,3,279,"3,6,4,3,1",0
2279,3,280,"5,6,1,8,3",0
2280,3,281,"2,0,5,5,8",0
2281,3,282,"2,8,0,8,4",0
2282,3,283,"3,3,2,3,4",0
2283,3,284,"1,5,5,6,2",0
2284,3,285,"2,8,8,5,0",0
2285,3,286,"5,5,0,8,3",0
2286,3,287,"2,4,2,2,6",0
2287,3,288,"2,6,8,8,8",0
2288,3,289,"3,5,5,6,5",0
2289,3,290,"2,4,4,5,5",0
2290,3,291,"1,6,5,5,5",0
2291,3,292,"0,8,4,2,4",0
2292,3,293,"2,6,2,1,4",0
2293,3,294,"2,0,0,0,6",0
2294,3,295,"2,8,5,5,2",0
2295,3,296,"3,2,2,3,8",0
2296,3,297,"0,8,4,6,5",0
2297,3,298,"2,5,4,2,6",0
2298,3,299,"3,8,4,5,2",0
2299,3,300,"2,1,3,4,4",0
2300,3,301,"5,1,5,5,2",0
2301,3,302,"0,8,3,3,4",0
2302,3,303,"0,5,3,5,2",0
2303,3,304,"0,6,1,8,3",0
2304,3,305,"8,3,3,8,3",0
2305,3,306,"2,2,5,5,2",0
2306,3,307,"8,0,2,5,1",0
2307,3,308,"3,5,2,1,4",0
2308,3,309,"1,6,1,3,0",0
2309,3,310,"5,8,5,6,5",0
2310,3,311,"6,6,3,8,2",0
2311,3,312,"5,6,3,8,5",0
2312,3,313,"2,5,5,5,5",0
2313,3,314,"4,2,5,3,4",0
2314,3,315,"0,8,5,5,1",0
2315,3,316,"3,8,5,8,2",0
2316,3,317,"2,4,1,5,8",0
2317,3,318,"4,5,3,0,5",0
2318,3,319,"6,0,3,3,6",0
2319,3,320,"1,1,3,3,4",0
2320,3,321,"6,6,5,8,5",0
2321,3,322,"8,6,3,5,4",0
2322,3,323,"4,6,2,4,4",0
2323,3,324,"3,8,2,1,4",0
2324,3,325,"0,0,5,6,6",0
2325,3,326,"2,3,4,1,5",0
2326,3,327,"6,6,6,8,4",0
2327,3,328,"2,4,3,0,8",0
2328,3,329,"1,3,5,5,5",0
2329,3,330,"0,1,3,0,0",0
2330,3,331,"5,3,4,0,2",0
2331,3,332,"3,5,5,0,5",0
2332,3,333,"5,6,4,0,6",0
2333,3,334,"6,6,2,8,1",0
2334,3,335,"5,4,5,5,8",0
2335,3,336,"0,4,5,8,5",0
2336,3,337,"4,3,5,8,0",0
2337,3,338,"0,1,1,2,2",0
2338,3,339,"5,3,5,2,1",0
2339,3,340,"0,3,6,5,5",0
2340,3,341,"6,4,2,3,4",0
2341,3,342,"4,8,4,5,4",0
2342,3,343,"0,0,8,8,6",0
2343,3,344,"5,8,5,4,6",0
2344,3,345,"0,2,5,1,2",0
2345,3,346,"4,5,6,6,0",0
2346,3,347,"1,4,5,8,1",0
2347,3,348,"6,5,5,2,1",0
2348,3,349,"2,1,3,3,4",0
2349,3,350,"0,2,5,8,5",0
2350,3,351,"1,6,2,3,0",0
2351,3,352,"1,5,5,8,5",0
2352,3,353,"3,4,2,3,3",0
2353,3,354,"3,6,3,0,6",0
2354,3,355,"2,8,3,5,0",0
2355,3,356,"5,1,3,3,2",0
2356,3,357,"5,6,2,0,4",0
2357,3,358,"3,2,8,5,5",0
2358,3,359,"1,4,5,5,5",0
2359,3,360,"1,3,5,5,5",0
2360,3,361,"0,2,4,8,5",0
2361,3,362,"5,1,6,4,4",0
2362,3,363,"1,8,5,6,5",0
2363,3,364,"2,4,5,6,5",0
2364,3,365,"4,8,5,8,1",0
2365,3,366,"4,6,2,5,4",0
2366,3,367,"2,5,0,0,1",0
2367,3,368,"2,8,4,3,5",0
2368,3,369,"5,8,4,8,8",0
2369,3,370,"4,2,3,0,4",0
2370,3,371,"0,3,2,0,2",0
2371,3,372,"0,2,3,8,7",-1
2372,3,373,"4,6,5,5,5",0
2373,3,374,"4,4,4,8,0",0
2374,3,375,"7,0,5,3,2",-51
2375,3,376,"2,8,3,2,2",0
2376,3,377,"1,6,2,8,5",0
2377,3,378,"5,6,5,4,3",0
2378,3,379,"1,5,5,2,0",0
2379,3,380,"8,2,8,5,1",0
2380,3,381,"2,1,1,0,2",0
2381,3,382,"3,2,4,6,8",0
2382,3,383,"0,1,5,5,2",0
2383,3,384,"2,0,0,2,5",0
2384,3,385,"2,6,6,3,4",0
2385,3,386,"5,5,3,5,1",0
2386,3,387,"3,6,2,5,4",0
2387,3,388,"3,5,0,5,0",0
2388,3,389,"1,1,5,3,5",0
2389,3,390,"0,0,3,8,1",0
2390,3,391,"0,1,0,3,2",0
2391,3,392,"0,1,2,3,8",0
2392,3,393,"3,6,2,3,8",0
2393,3,394,"5,5,5,4,4",0
2394,3,395,"5,3,2,5,2",0
2395,3,396,"0,8,3,8,6",0
2396,3,397,"2,8,5,0,6",0
2397,3,398,"8,6,1,8,6",0
2398,3,399,"8,1,2,8,0",0
2399,3,400,"5,8,2,6,4",0
2400,3,401,"6,8,2,8,1",0
2401,3,402,"8,6,8,8,1",0
2402,3,403,"3,6,2,8,5",0
2403,3,404,"6,5,5,0,2",0
2404,3,405,"0,6,1,0,3",0
2405,3,406,"5,3,1,6,5",0
2406,3,407,"1,3,4,0,5",0
2407,3,408,"6,0,2,8,5",0
2408,3,409,"1,6,3,5,6",0
2409,3,410,"1,8,5,3,4",0
2410,3,411,"5,1,2,0,4",0
2411,3,412,"5,2,2,1,6",0
2412,3,413,"1,3,2,6,0",0
2413,3,414,"6,0,5,5,5",0
2414,3,415,"5,6,1,3,1",0
2415,3,416,"1,8,2,3,8",0
2416,3,417,"2,5,5,5,4",0
2417,3,418,"1,4,2,1,2",0
2418,3,419,"3,0,6,5,0",0
2419,3,420,"6,3,4,2,2",0
2420,3,421,"4,8,4,5,4",0
2421,3,422,"2,0,6,3,2",0
2422,3,423,"8,1,1,8,3",0
2423,3,424,"5,6,2,0,5",0
2424,3,425,"0,5,5,3,5",0
2425,3,426,"2,6,8,3,8",0
2426,3,427,"2,5,5,8,5",0
2427,3,428,"2,5,4,5,1",0
2428,3,429,"0,5,0,5,0",0
2429,3,430,"1,1,4,1,3",0
2430,3,431,"5,5,6,8,4",0
2431,3,432,"1,1,1,8,5",0
2432,3,433,"2,5,5,8,4",0
2433,3,434,"1,6,2,6,4",0
2434,3,435,"2,3,5,0,1",0
2435,3,436,"0,4,5,5,5",0
2436,3,437,"3,8,1,5,1",0
2437,3,438,"0,1,8,0,2",0
2438,3,439,"0,8,0,5,5",0
2439,3,440,"3,8,5,6,4",0
2440,3,441,"0,6,2,3,0",0
2441,3,442,"5,5,4,0,2",0
2442,3,443,"2,5,5,3,6",0
2443,3,444,"4,4,2,1,6",0
2444,3,445,"3,6,2,6,8",0
2445,3,446,"6,5,5,5,5",0
2446,3,447,"5,5,2,3,8",0
2447,3,448,"1,1,5,6,8",0
2448,3,449,"5,4,2,3,5",0
2449,3,450,"1,6,6,8,6",0
2450,3,451,"8,1,4,4,8",0
2451,3,452,"3,0,2,8,6",0
2452,3,453,"1,4,1,6,1",0
2453,3,454,"0,5,5,0,4",0
2454,3,455,"2,6,2,4,3",0
2455,3,456,"5,3,4,0,1",0
2456,3,457,"5,4,3,5,8",0
2457,3,458,"6,0,2,0,1",0
2458,3,459,"2,8,2,1,8",0
2459,3,460,"1,4,3,5,8",0
2460,3,461,"5,1,3,3,2",0
2461,3,462,"1,4,6,8,1",0
2462,3,463,"2,5,2,6,4",0
2463,3,464,"5,1,5,3,5",0
2464,3,465,"6,8,5,0,4",0
2465,3,466,"2,5,8,5,0",0
2466,3,467,"0,1,2,6,4",1
2467,3,468,"6,3,1,0,4",0
2468,3,469,"6,5,4,5,6",0
2469,3,470,"6,3,4,5,4",0
2470,3,471,"0,4,3,8,5",0
2471,3,472,"1,6,1,5,8",0
2472,3,473,"6,5,1,3,0",0
2473,3,474,"2,3,4,3,1",0
2474,3,475,"4,8,5,8,5",0
2475,3,476,"8,6,2,5,4",1
2476,3,477,"8,5,5,3,5",0
2477,3,478,"5,5,2,0,3",0
2478,3,479,"3,5,3,6,4",0
2479,3,480,"3,5,5,3,6",0
2480,3,481,"2,8,1,8,2",1
2481,3,482,"4,4,2,8,0",0
2482,3,483,"0,6,2,5,6",0
2483,3,484,"2,0,4,8,4",0
2484,3,485,"2,5,3,5,6",0
2485,3,486,"2,3,5,1,5",0
2486,3,487,"1,6,5,1,0",0
2487,3,488,"1,6,0,0,5",0
2488,3,489,"2,4,5,3,5",0
2489,3,490,"3,5,3,8,5",0
2490,3,491,"2,5,4,3,0",0
2491,3,492,"1,2,3,8,6",0
2492,3,493,"3,6,5,1,2",0
2493,3,494,"1,1,4,6,5",0
2494,3,495,"1,0,5,5,6",0
2495,3,496,"1,1,3,8,6",0
2496,3,497,"3,1,7,5,1",-1
2497,3,498,"0,4,1,6,4",0
2498,3,499,"4,6,3,5,2",0
2499,3,500,"0,8,8,4,4",1
2500,3,501,"5,2,8,1,2",1
2501,3,502,"1,0,0,8,0",0
2502,3,503,"8,5,1,5,5",0
2503,3,504,"5,8,0,8,3",0
2504,3,505,"1,1,2,2,1",1
2505,3,506,"4,0,4,3,4",0
2506,3,507,"5,1,8,5,5",0
2507,3,508,"0,5,3,2,6",0
2508,3,509,"5,3,6,0,0",0
2509,3,510,"8,5,2,0,5",0
2510,3,511,"1,4,6,5,5",0
2511,3,512,"2,8,5,5,5",0
2512,3,513,"3,5,5,5,5",0
2513,3,514,"3,5,5,1,1",0
2514,3,515,"5,1,5,5,0",0
2515,3,516,"6,1,3,3,8",0
2516,3,517,"6,4,2,5,1",0
2517,3,518,"2,4,3,5,2",0
2518,3,519,"5,5,0,3,5",0
2519,3,520,"5,4,5,3,4",0
2520,3,521,"1,3,2,5,4",0
2521,3,522,"2,5,3,3,1",0
2522,3,523,"2,6,2,8,8",0
2523,3,524,"4,4,4,8,2",0
2524,3,525,"6,6,6,5,6",0
2525,3,526,"0,6,8,0,4",0
2526,3,527,"3,6,5,0,0",0
2527,3,528,"2,1,5,8,8",0
2528,3,529,"1,6,3,5,2",0
2529,3,530,"3,8,4,0,3",0
2530,3,531,"1,3,2,3,2",0
2531,3,532,"2,8,5,5,4",0
2532,3,533,"0,3,2,3,0",0
2533,3,534,"6,1,2,8,5",0
2534,3,535,"2,3,2,2,2",0
2535,3,536,"5,3,3,5,1",0
2536,3,537,"6,2,4,1,6",0
2537,3,538,"3,3,2,8,3",0
2538,3,539,"1,4,5,5,4",0
2539,3,540,"1,6,5,5,5",0
2540,3,541,"3,1,0,6,6",0
2541,3,542,"5,4,0,6,6",0
2542,3,543,"5,8,3,1,4",0
2543,3,544,"6,8,4,4,1",0
2544,3,545,"4,0,2,6,3",0
2545,3,546,"5,3,3,2,0",0
2546,3,547,"5,6,2,8,1",0
2547,3,548,"1,0,2,2,4",0
2548,3,549,"2,5,2,3,6",0
2549,3,550,"1,6,0,5,5",0
2550,3,551,"3,8,3,5,2",0
2551,3,552,"1,1,2,2,0",0
2552,3,553,"1,2,5,1,6",0
2553,3,554,"2,4,1,0,4",1
2554,3,555,"4,1,3,8,5",0
2555,3,556,"4,5,3,5,6",0
2556,3,557,"3,1,5,3,5",0
2557,3,558,"2,8,5,0,5",0
2558,3,559,"5,5,4,3,0",0
2559,3,560,"1,1,2,5,1",0
2560,3,561,"3,5,5,2,2",0
2561,3,562,"3,6,3,5,2",1
2562,3,563,"6,1,3,3,6",0
2563,3,564,"3,5,1,5,8",1
2564,3,565,"6,2,1,8,6",0
2565,3,566,"1,8,5,8,4",0
2566,3,567,"1,8,3,5,2",0
2567,3,568,"3,1,0,8,5",0
2568,3,569,"2,8,6,0,4",0
2569,3,570,"2,6,3,4,1",0
2570,3,571,"1,6,2,0,5",0
2571,3,572,"5,3,8,1,8",0
2572,3,573,"2,5,6,3,2",0
2573,3,574,"6,6,1,0,4",0
2574,3,575,"6,3,3,3,4",0
2575,3,576,"1,1,4,3,2",0
2576,3,577,"4,6,8,8,5",0
2577,3,578,"4,5,5,5,6",0
2578,3,579,"8,8,2,0,5",0
2579,3,580,"8,0,5,5,6",0
2580,3,581,"1,8,3,1,4",0
2581,3,582,"5,3,3,5,6",0
2582,3,583,"0,4,3,5,5",0
2583,3,584,"2,8,3,6,5",0
2584,3,585,"5,6,8,6,1",0
2585,3,586,"5,6,1,8,1",0
2586,3,587,"0,3,0,5,5",0
2587,3,588,"3,4,4,8,2",0
2588,3,589,"2,4,1,0,6",0
2589,3,590,"5,4,8,8,2",0
2590,3,591,"1,8,3,8,5",0
2591,3,592,"2,3,6,8,2",0
2592,3,593,"1,5,4,6,4",0
2593,3,594,"5,1,2,6,6",0
2594,3,595,"2,4,1,8,6",0
2595,3,596,"6,2,2,0,5",0
2596,3,597,"0,0,3,5,4",0
2597,3,598,"1,1,2,3,0",0
2598,3,599,"2,8,2,5,1",0
2599,3,600,"5,1,4,0,1",0
2600,3,601,"2,5,8,5,8",0
2601,3,602,"6,5,2,3,2",0
2602,3,603,"0,3,5,2,4",0
2603,3,604,"1,4,3,6,8",0
2604,3,605,"6,5,8,5,2",0
2605,3,606,"3,8,1,8,2",0
2606,3,607,"2,8,1,2,3",0
2607,3,608,"2,4,2,8,4",0
2608,3,609,"5,0,2,5,4",0
2609,3,610,"3,8,8,6,2",0
2610,3,611,"2,5,1,6,0",0
2611,3,612,"5,1,6,5,2",0
2612,3,613,"5,6,4,0,0",0
2613,3,614,"5,3,2,8,2",0
2614,3,615,"0,6,5,2,6",0
2615,3,616,"6,4,1,0,4",0
2616,3,617,"6,8,8,5,2",0
2617,3,618,"2,1,3,5,8",0
2618,3,619,"1,5,2,3,3",0
2619,3,620,"2,8,0,4,5",0
2620,3,621,"4,8,5,3,5",0
2621,3,622,"1,1,0,8,0",0
2622,3,623,"5,1,1,0,8",0
2623,3,624,"5,8,0,5,4",0
2624,3,625,"2,4,0,0,5",0
2625,3,626,"1,1,1,0,8",0
2626,3,627,"2,0,1,1,5",0
2627,3,628,"6,3,8,5,8",0
2628,3,629,"1,5,2,0,1",0
2629,3,630,"1,4,5,5,8",0
2630,3,631,"8,8,3,2,5",0
2631,3,632,"3,6,5,0,1",0
2632,3,633,"1,4,0,5,8",0
2633,3,634,"1,3,3,5,4",0
2634,3,635,"5,5,2,0,5",0
2635,3,636,"2,5,2,8,4",0
2636,3,637,"4,8,3,8,8",0
2637,3,638,"0,5,5,3,0",0
2638,3,639,"0,4,3,2,2",0
2639,3,640,"1,5,4,0,4",0
2640,3,641,"4,5,0,0,4",0
2641,3,642,"8,5,5,5,5",0
2642,3,643,"1,8,1,5,5",0
2643,3,644,"4,4,8,1,8",0
2644,3,645,"3,8,0,8,3",0
2645,3,646,"1,3,3,8,8",0
2646,3,647,"0,3,5,5,6",0
2647,3,648,"4,3,2,3,1",0
2648,3,649,"0,8,5,4,0",1
2649,3,650,"1,3,2,2,2",0
2650,3,651,"0,5,1,4,1",0
2651,3,652,"4,8,5,3,6",0
2652,3,653,"4,5,1,2,8",0
2653,3,654,"6,0,4,8,6",0
2654,3,655,"2,5,2,5,5",1
2655,3,656,"3,2,5,1,8",0
2656,3,657,"4,0,5,8,2",0
2657,3,658,"3,5,1,3,6",0
2658,3,659,"5,3,2,0,6",0
2659,3,660,"8,3,3,0,0",0
2660,3,661,"1,5,1,3,5",0
2661,3,662,"3,5,3,8,1",0
2662,3,663,"8,5,6,0,4",0
2663,3,664,"1,8,3,8,2",0
2664,3,665,"1,5,5,3,5",0
2665,3,666,"3,4,4,3,3",0
2666,3,667,"1,5,5,5,2",0
2667,3,668,"2,4,3,5,5",0
2668,3,669,"8,8,2,8,3",0
2669,3,670,"5,5,5,0,4",0
2670,3,671,"2,8,4,0,2",0
2671,3,672,"4,3,5,8,2",0
2672,3,673,"2,4,1,6,1",0
2673,3,674,"5,8,2,0,5",0
2674,3,675,"8,5,3,8,8",0
2675,3,676,"4,1,5,0,3",0
2676,3,677,"5,8,2,5,3",0
2677,3,678,"2,5,8,8,5",0
2678,3,679,"2,6,5,5,3",0
2679,3,680,"1,6,4,3,5",0
2680,3,681,"2,2,4,8,2",0
2681,3,682,"0,5,0,2,1",0
2682,3,683,"4,4,3,5,8",0
2683,3,684,"6,1,0,5,1",0
2684,3,685,"6,4,3,5,8",0
2685,3,686,"5,6,3,2,4",0
2686,3,687,"1,4,5,0,4",0
2687,3,688,"3,5,6,4,8",0
2688,3,689,"5,4,5,4,3",0
2689,3,690,"2,3,4,5,4",0
2690,3,691,"3,0,2,0,2",0
2691,3,692,"8,8,0,5,4",0
2692,3,693,"2,6,0,8,2",0
2693,3,694,"2,5,5,5,6",0
2694,3,695,"6,5,2,3,3",0
2695,3,696,"0,4,6,1,6",0
2696,3,697,"3,8,5,0,6",0
2697,3,698,"8,3,0,2,4",0
2698,3,699,"5,3,1,3,4",0
2699,3,700,"2,0,5,3,5",0
2700,3,701,"3,3,6,5,2",0
2701,3,702,"1,5,8,5,4",0
2702,3,703,"2,6,6,8,5",0
2703,3,704,"4,4,5,5,4",0
2704,3,705,"5,8,6,4,3",0
2705,3,706,"3,5,5,0,4",0
2706,3,707,"1,1,0,1,4",0
2707,3,708,"0,5,5,8,2",0
2708,3,709,"2,8,1,5,4",0
2709,3,710,"2,4,1,3,8",0
2710,3,711,"4,5,4,6,4",0
2711,3,712,"5,3,5,3,1",0
2712,3,713,"1,5,2,8,4",0
2713,3,714,"7,3,3,1,1",-1
2714,3,715,"3,4,4,3,2",0
2715,3,716,"8,2,0,8,0",0
2716,3,717,"2,6,5,2,6",0
2717,3,718,"4,8,0,0,5",0
2718,3,719,"5,4,6,5,2",0
2719,3,720,"2,5,4,3,5",0
2720,3,721,"5,8,0,8,4",0
2721,3,722,"6,2,2,8,3",0
2722,3,723,"0,1,3,0,4",0
2723,3,724,"3,8,1,8,3",0
2724,3,725,"5,0,1,3,4",0
2725,3,726,"2,1,4,8,4",0
2726,3,727,"4,8,5,5,0",0
2727,3,728,"0,4,0,2,1",0
2728,3,729,"4,3,5,5,5",0
2729,3,730,"0,4,2,3,4",0
2730,3,731,"2,1,6,5,3",0
2731,3,732,"3,4,3,2,6",0
2732,3,733,"1,4,5,8,7",-1
2733,3,734,"2,3,2,0,2",0
2734,3,735,"2,2,0,5,4",0
2735,3,736,"5,2,3,5,8",0
2736,3,737,"8,5,5,2,4",0
2737,3,738,"8,3,2,8,5",0
2738,3,739,"2,6,6,3,5",0
2739,3,740,"1,4,3,5,4",0
2740,3,741,"1,0,4,0,0",0
2741,3,742,"1,8,1,0,4",0
2742,3,743,"8,0,5,0,2",0
2743,3,744,"4,1,5,5,6",0
2744,3,745,"5,6,1,0,6",0
2745,3,746,"3,6,5,5,6",0
2746,3,747,"2,8,2,1,4",0
2747,3,748,"2,0,3,3,2",1
2748,3,749,"5,1,8,8,1",0
2749,3,750,"2,5,5,0,4",0
2750,3,751,"2,5,4,0,4",0
2751,3,752,"2,6,1,0,4",0
2752,3,753,"1,6,7,8,4",-1
2753,3,754,"4,5,2,1,8",0
2754,3,755,"3,5,5,3,5",0
2755,3,756,"1,5,0,6,6",0
2756,3,757,"2,6,6,8,1",0
2757,3,758,"4,1,5,6,3",0
2758,3,759,"1,6,1,3,2",0
2759,3,760,"6,2,5,2,1",0
2760,3,761,"0,5,0,2,8",0
2761,3,762,"0,8,4,8,6",0
2762,3,763,"0,5,6,3,4",0
2763,3,764,"1,4,1,3,3",0
2764,3,765,"8,3,8,5,8",0
2765,3,766,"2,0,5,3,8",0
2766,3,767,"1,5,5,4,5",0
2767,3,768,"0,0,5,5,0",0
2768,3,769,"0,1,4,7,8",-51
2769,3,770,"0,8,3,5,4",0
2770,3,771,"2,1,8,2,5",0
2771,3,772,"4,4,2,1,5",0
2772,3,773,"3,2,8,8,2",0
2773,3,774,"1,2,5,8,5",0
2774,3,775,"5,3,5,4,6",0
2775,3,776,"5,2,1,0,5",0
2776,3,777,"2,5,5,2,2",0
2777,3,778,"4,6,2,4,1",0
2778,3,779,"2,3,3,4,8",0
2779,3,780,"8,5,5,3,2",0
2780,3,781,"1,3,4,0,5",1
2781,3,782,"6,6,2,3,5",0
2782,3,783,"2,5,3,0,1",0
2783,3,784,"2,3,2,0,8",0
2784,3,785,"1,4,7,5,3",-1
2785,3,786,"2,4,5,2,0",0
2786,3,787,"2,8,5,8,0",0
2787,3,788,"8,4,6,1,0",0
2788,3,789,"2,1,3,8,6",0
2789,3,790,"5,6,3,3,1",0
2790,3,791,"2,1,4,6,5",0
2791,3,792,"2,8,8,8,5",0
2792,3,793,"3,5,5,8,5",0
2793,3,794,"6,0,2,5,4",0
2794,3,795,"6,8,6,0,3",0
2795,3,796,"2,0,3,8,2",1
2796,3,797,"1,5,1,8,5",0
2797,3,798,"4,5,5,5,5",0
2798,3,799,"3,6,2,8,8",0
2799,3,800,"5,4,3,5,6",0
2800,3,801,"6,5,6,8,2",0
2801,3,802,"8,4,5,5,8",0
2802,3,803,"4,8,5,4,8",0
2803,3,804,"2,4,4,3,5",0
2804,3,805,"8,4,3,8,5",0
2805,3,806,"8,4,0,3,1",0
2806,3,807,"2,5,3,5,1",0
2807,3,808,"1,6,4,0,2",0
2808,3,809,"3,1,5,8,2",2
2809,3,810,"4,3,2,8,4",1
2810,3,811,"6,4,2,8,6",0
2811,3,812,"6,2,0,0,5",0
2812,3,813,"1,1,6,6,6",1
2813,3,814,"1,6,1,4,3",0
2814,3,815,"2,4,5,5,3",0
2815,3,816,"1,2,5,2,4",0
2816,3,817,"6,0,5,5,3",0
2817,3,818,"5,8,0,3,5",0
2818,3,819,"5,4,2,7,5",-1
2819,3,820,"2,3,5,8,2",0
2820,3,821,"6,4,4,1,1",0
2821,3,822,"4,5,3,3,1",0
2822,3,823,"8,0,3,0,2",0
2823,3,824,"4,3,1,0,3",0
2824,3,825,"1,6,3,3,5",0
2825,3,826,"0,0,4,0,0",1
2826,3,827,"2,4,5,5,0",0
2827,3,828,"2,5,3,0,3",0
2828,3,829,"0,4,3,0,0",0
2829,3,830,"5,6,5,0,5",0
2830,3,831,"5,3,3,3,5",0
2831,3,832,"6,8,3,0,6",0
2832,3,833,"5,5,3,5,4",0
2833,3,834,"6,5,1,6,4",0
2834,3,835,"5,6,0,5,5",0
2835,3,836,"0,8,0,0,5",0
2836,3,837,"2,1,8,0,8",0
2837,3,838,"0,3,2,2,6",0
2838,3,839,"2,1,2,2,1",0
2839,3,840,"4,6,2,5,0",0
2840,3,841,"8,1,5,8,6",0
2841,3,842,"3,6,4,8,2",0
2842,3,843,"1,5,5,5,5",0
2843,3,844,"4,3,1,3,4",0
2844,3,845,"2,4,1,5,4",0
2845,3,846,"6,2,4,5,8",0
2846,3,847,"1,5,4,6,2",0
2847,3,848,"6,1,3,0,5",0
2848,3,849,"0,6,2,1,3",0
2849,3,850,"5,6,3,0,5",0
2850,3,851,"4,0,8,5,5",0
2851,3,852,"1,3,8,5,2",1
2852,3,853,"1,6,0,8,0",0
2853,3,854,"8,6,5,8,5",0
2854,3,855,"2,1,6,0,5",0
2855,3,856,"4,0,0,5,2",0
2856,3,857,"1,5,7,8,2",-1
2857,3,858,"5,1,0,1,4",0
2858,3,859,"2,8,5,1,0",0
2859,3,860,"5,5,0,2,8",0
2860,3,861,"2,8,3,0,8",0
2861,3,862,"1,6,0,3,6",0
2862,3,863,"8,4,2,0,2",0
2863,3,864,"8,6,1,6,5",0
2864,3,865,"8,3,5,1,8",0
2865,3,866,"2,5,1,0,5",0
2866,3,867,"0,3,2,0,2",0
2867,3,868,"0,4,3,3,5",0
2868,3,869,"5,3,1,8,3",0
2869,3,870,"4,0,3,8,0",0
2870,3,871,"8,8,2,6,5",0
2871,3,872,"5,5,1,1,0",0
2872,3,873,"0,3,0,8,5",0
2873,3,874,"6,8,1,5,8",0
2874,3,875,"6,8,4,0,3",0
2875,3,876,"8,4,4,0,6",0
2876,3,877,"8,3,6,3,1",0
2877,3,878,"0,5,5,5,8",0
2878,3,879,"2,5,2,0,0",0
2879,3,880,"8,5,6,5,5",0
2880,3,881,"0,0,5,5,0",0
2881,3,882,"5,5,1,1,5",0
2882,3,883,"2,4,3,3,6",0
2883,3,884,"3,0,2,5,8",0
2884,3,885,"0,0,3,1,4",0
2885,3,886,"3,5,2,4,5",0
2886,3,887,"1,3,2,0,1",0
2887,3,888,"5,8,1,3,2",0
2888,3,889,"5,3,0,0,8",0
2889,3,890,"5,4,8,5,8",0
2890,3,891,"1,2,5,2,4",0
2891,3,892,"8,3,5,3,3",0
2892,3,893,"2,6,5,0,4",0
2893,3,894,"6,5,3,5,4",0
2894,3,895,"8,0,2,5,2",0
2895,3,896,"2,5,4,3,0",0
2896,3,897,"1,3,4,5,3",0
2897,3,898,"8,4,8,1,6",0
2898,3,899,"2,0,2,8,1",0
2899,3,900,"4,4,5,8,4",0
2900,3,901,"8,5,2,3,0",0
2901,3,902,"4,8,4,2,0",0
2902,3,903,"5,5,5,5,4",0
2903,3,904,"4,5,4,7,2",-1
2904,3,905,"5,5,5,8,0",0
2905,3,906,"5,0,2,5,5",0
2906,3,907,"2,8,5,3,4",0
2907,3,908,"5,1,4,1,1",0
2908,3,909,"2,0,1,3,1",1
2909,3,910,"2,0,5,8,5",0
2910,3,911,"6,4,2,0,8",0
2911,3,912,"8,5,1,6,3",0
2912,3,913,"6,5,4,0,0",0
2913,3,914,"6,4,0,3,2",0
2914,3,915,"4,6,2,5,0",0
2915,3,916,"1,0,3,1,4",0
2916,3,917,"1,4,3,5,4",0
2917,3,918,"0,6,3,3,5",0
2918,3,919,"2,5,1,0,0",0
2919,3,920,"2,0,5,8,1",0
2920,3,921,"5,6,6,5,3",0
2921,3,922,"1,1,0,5,5",0
2922,3,923,"0,5,5,5,7",-1
2923,3,924,"8,8,2,3,0",0
2924,3,925,"0,5,5,5,4",0
2925,3,926,"0,6,4,5,2",0
2926,3,927,"4,8,5,5,4",0
2927,3,928,"2,5,3,5,8",0
2928,3,929,"1,6,6,4,1",0
2929,3,930,"0,5,6,0,4",0
2930,3,931,"4,6,1,5,6",0
2931,3,932,"2,5,6,5,8",0
2932,3,933,"3,8,2,8,5",0
2933,3,934,"4,6,3,3,5",0
2934,3,935,"1,5,5,3,8",0
2935,3,936,"5,8,5,5,8",0
2936,3,937,"2,6,8,8,5",0
2937,3,938,"1,4,2,8,3",0
2938,3,939,"8,8,5,0,5",0
2939,3,940,"0,6,4,3,6",0
2940,3,941,"4,8,5,5,1",0
2941,3,942,"6,1,5,6,5",0
2942,3,943,"4,8,1,8,8",0
2943,3,944,"2,0,8,5,5",0
2944,3,945,"6,5,2,5,4",0
2945,3,946,"3,8,5,0,2",0
2946,3,947,"0,3,1,3,3",0
2947,3,948,"3,0,5,3,6",0
2948,3,949,"6,8,3,0,5",0
2949,3,950,"0,0,1,4,5",0
2950,3,951,"1,1,3,5,4",0
2951,3,952,"3,3,2,5,3",0
2952,3,953,"3,5,0,5,8",0
2953,3,954,"5,0,2,5,8",0
2954,3,955,"5,1,2,8,1",0
2955,3,956,"2,6,5,0,5",0
2956,3,957,"4,0,4,3,6",0
2957,3,958,"6,4,3,8,6",0
2958,3,959,"3,4,5,0,2",0
2959,3,960,"1,5,5,2,5",0
2960,3,961,"0,2,3,8,4",0
2961,3,962,"4,5,5,3,4",0
2962,3,963,"5,5,5,8,4",0
2963,3,964,"2,5,3,5,5",0
2964,3,965,"2,8,1,0,8",0
2965,3,966,"1,2,6,8,1",0
2966,3,967,"2,4,6,1,4",0
2967,3,968,"0,5,5,2,6",0
2968,3,969,"4,8,4,8,5",0
2969,3,970,"2,0,4,2,6",0
2970,3,971,"3,8,1,0,5",0
2971,3,972,"1,1,2,4,8",0
2972,3,973,"4,8,5,6,0",0
2973,3,974,"0,6,5,0,4",0
2974,3,975,"3,6,2,8,0",0
2975,3,976,"0,8,2,1,4",0
2976,3,977,"2,6,4,5,8",0
2977,3,978,"2,4,3,8,2",0
2978,3,979,"0,5,4,6,5",0
2979,3,980,"5,8,0,8,4",0
2980,3,981,"6,2,2,3,5",0
2981,3,982,"2,3,0,0,6",0
2982,3,983,"1,6,5,3,5",0
2983,3,984,"1,5,6,8,8",0
2984,3,985,"8,5,3,8,5",0
2985,3,986,"5,4,3,8,8",0
2986,3,987,"2,6,2,5,2",0
2987,3,988,"5,5,5,5,0",0
2988,3,989,"0,1,2,5,2",0
2989,3,990,"6,8,4,0,2",0
2990,3,991,"3,6,5,8,8",0
2991,3,992,"3,6,3,3,0",0
2992,3,993,"0,0,4,6,6",0
2993,3,994,"2,4,3,3,4",0
2994,3,995,"2,0,2,4,8",0
2995,3,996,"5,8,2,0,1",0
2996,3,997,"0,3,4,5,0",0
2997,3,998,"5,6,0,6,0",0
2998,3,999,"1,4,3,5,2",0
2999,3,1000,"8,3,3,5,8",0
